Name,Rating,Position,Side Position,Price,Weak Foot,Skill Moves,Pace,Shooting,Passing,Dribbling,Defending,Physicality,Popularity,In Game Stats,Body Type,Age,Weight,Strong Foot,Nation,League,Club
Kylian Mbappé,91,ST++,LW,204K,4,5,97,90,80,92,36,78,"1,887",2250,"182cm | 6'0""
Mostly Explosive",26,75kg,Right,France,LALIGA EA SPORTS,Real Madrid
Rodrigo Hernández Cascante,91,CDM++,CM,16.25K,4,3,66,80,86,84,87,85,106,2351,"191cm | 6'3""
Tall & Normal(82kg)
Mostly Lengthy",28,82kg,Right,Spain,Premier League,Manchester City
Erling Haaland,91,ST++,,17K,3,3,88,92,70,81,45,88,729,2215,"195cm | 6'5""
Mostly Lengthy",24,94kg,Left,Norway,Premier League,Manchester City
Jude Bellingham,90,CAM++,CM,15K,4,4,80,87,83,88,78,83,"1,152",2385,"186cm | 6'1""
Avg & Normal(75kg)
Controlled",21,75kg,Right,England,LALIGA EA SPORTS,Real Madrid
Vinícius José de Oliveira Júnior,90,LW++,"LM, ST",73K,4,5,95,84,81,91,29,69,-378,2103,"176cm | 5'9""
Avg & Lean(73kg)
Explosive",24,73kg,Right,Brazil,LALIGA EA SPORTS,Real Madrid
Kevin De Bruyne,90,CM++,CAM,14.5K,5,4,67,87,94,87,65,78,502,2337,"181cm | 5'11""
Controlled",33,75kg,Right,Belgium,Premier League,Manchester City
Harry Kane,90,ST++,,14.75K,4,3,65,93,84,83,49,82,289,2260,"188cm | 6'2""
Lengthy",31,86kg,Right,England,Bundesliga,FC Bayern München
Thibaut Courtois,89,GK++,,9.8K,3,1,85,89,76,90,46,88,496,978,"200cm | 6'7""
Courtois(96kg)
Controlled Lengthy",32,96kg,Left,Belgium,LALIGA EA SPORTS,Real Madrid
Lautaro Martínez,89,ST++,,10K,4,4,82,88,75,87,54,85,465,2293,"174cm | 5'9""
Controlled Explosive",27,72kg,Right,Argentina,Serie A TIM,Lombardia FC
Martin Ødegaard,89,CM++,CAM,9.2K,2,5,70,82,89,89,67,66,309,2268,"178cm | 5'10""
Avg & Lean(68kg)
Controlled Explosive",26,68kg,Left,Norway,Premier League,Arsenal
Gianluigi Donnarumma,89,GK++,,9.9K,3,1,90,84,73,90,52,87,44,1014,"196cm | 6'5""
Controlled Lengthy",26,90kg,Right,Italy,Ligue 1 Uber Eats,Paris SG
Alisson Ramses Becker,89,GK++,,9.8K,3,1,86,85,85,89,56,90,566,1102,"193cm | 6'4""
Mostly Lengthy",32,91kg,Right,Brazil,Premier League,Liverpool
Virgil van Dijk,89,CB++,,10.5K,3,2,78,60,71,71,89,86,"2,596",2130,"193cm | 6'4""
Lengthy",33,92kg,Right,Netherlands,Premier League,Liverpool
Marc-André ter Stegen,89,GK++,,9.8K,4,1,86,85,89,91,47,86,163,1075,"187cm | 6'2""
Controlled Lengthy",32,85kg,Right,Germany,LALIGA EA SPORTS,FC Barcelona
Mohamed Salah,89,RW++,RM,10.75K,3,4,89,87,82,88,45,75,"1,414",2244,"175cm | 5'8'
Salah(72kg)
Mostly Explosive",32,72kg,Left,Egypt,Premier League,Liverpool
Robert Lewandowski,88,ST++,,6.2K,4,4,75,88,79,86,44,84,360,2234,"185cm | 6'1""
Mostly Lengthy",36,81kg,Right,Poland,LALIGA EA SPORTS,FC Barcelona
Phil Foden,88,RW++,"RM, CAM, LW",6.2K,3,4,86,86,85,90,57,63,"1,318",2220,"171cm | 5'7""
Explosive",24,69kg,Left,England,Premier League,Manchester City
Lionel Messi,88,RW++,"RM, CAM, ST",6.3K,4,4,79,85,87,92,33,64,"1,064",2174,"169cm | 5'7""
Messi(67kg)
Explosive",37,67kg,Left,Argentina,MLS,Inter Miami CF
Antoine Griezmann,88,ST++,,6.5K,3,4,80,88,87,89,59,75,"2,517",2358,"176cm | 5'9""
Explosive",34,73kg,Left,France,LALIGA EA SPORTS,Atlético de Madrid
Rúben Santos Gato Alves Dias,88,CB++,,6.2K,4,2,67,39,70,69,89,87,160,1973,"187cm | 6'2""
Tall & Normal(82kg)
Mostly Lengthy",27,82kg,Right,Portugal,Premier League,Manchester City
Federico Valverde,88,CM++,RM,15.75K,4,3,88,82,84,84,80,84,935,2349,"182cm | 6'0""
Controlled Lengthy",26,78kg,Right,Uruguay,LALIGA EA SPORTS,Real Madrid
Ederson Santana de Moraes,88,GK++,,6.2K,3,1,87,82,91,87,64,86,172,1285,"188cm | 6'2""
Mostly Lengthy",31,86kg,Left,Brazil,Premier League,Manchester City
Bernardo Mota Carvalho e Silva,88,CM++,RW,6.2K,3,4,75,78,86,92,71,69,229,2294,"173cm | 5'8""
Avg & Lean(64kg)
Explosive",30,64kg,Left,Portugal,Premier League,Manchester City
Jan Oblak,88,GK++,,6.2K,3,1,85,90,78,87,46,86,75,1035,"188cm | 6'2""
Controlled Lengthy",32,87kg,Right,Slovenia,LALIGA EA SPORTS,Atlético de Madrid
Antonio Rüdiger,88,CB++,,6.8K,3,2,82,55,73,70,86,86,937,2067,"190cm | 6'3""
Tall & Lean(86kg)
Lengthy",32,86kg,Right,Germany,LALIGA EA SPORTS,Real Madrid
Florian Wirtz,88,CAM++,LM,6.7K,4,4,81,78,87,89,50,67,373,2166,"177cm | 5'10""
Avg & Normal(71kg)
Mostly Explosive",21,71kg,Right,Germany,Bundesliga,Leverkusen
Gregor Kobel,88,GK++,,6.2K,3,1,87,86,73,89,44,87,175,920,"195cm | 6'5""
Tall & Normal(88kg)
Controlled",27,88kg,Right,Switzerland,Bundesliga,Borussia Dortmund
William Saliba,87,CB++,,5.2K,3,2,82,39,70,74,87,83,"2,828",1962,"193cm | 6'4""
Tall & Normal(85kg)
Lengthy",24,85kg,Right,France,Premier League,Arsenal
Bukayo Saka,87,RW++,RM,5.2K,4,3,85,83,81,88,60,70,280,2240,"178cm | 5'10'
Avg & Lean(65kg)
Mostly Explosive",23,65kg,Left,England,Premier League,Arsenal
Declan Rice,87,CDM++,CM,5.2K,3,3,73,72,82,79,84,85,364,2254,"185cm | 6'1""
Tall & Normal(80kg)
Mostly Lengthy",26,80kg,Right,England,Premier League,Arsenal
Bruno Miguel Borges Fernandes,87,CAM++,CM,5.2K,3,4,70,85,88,83,65,75,267,2308,"179cm | 5'10""
Controlled Explosive",30,69kg,Right,Portugal,Premier League,Manchester Utd
Heung Min Son,87,ST++,LM,6.6K,5,4,87,89,81,85,42,73,"3,011",2202,"183cm | 6'0""
Mostly Explosive",32,78kg,Right,Korea Republic,Premier League,Spurs
İlkay Gündoğan,87,CM++,CDM,5.2K,4,4,62,83,85,87,74,73,49,2260,"180cm | 5'11""
Avg & Normal(80kg)
Controlled",34,80kg,Right,Germany,Premier League,Manchester City
Emiliano Martínez,87,GK++,,5.2K,4,1,84,82,83,86,56,87,57,1193,"195cm | 6'5""
Tall & Stocky(88kg)
Mostly Lengthy",32,88kg,Right,Argentina,Premier League,Aston Villa
Paulo Dybala,87,CAM++,ST,5.2K,3,5,80,85,84,89,41,65,527,2202,"177cm | 5'10""
Mostly Explosive",31,75kg,Left,Argentina,Serie A TIM,AS Roma
Theo Hernández,87,LB++,LM,61K,3,4,95,76,78,84,81,89,"2,821",2383,"184cm | 6'0""
Controlled Lengthy",27,81kg,Left,France,Serie A TIM,Milano FC
Neymar da Silva Santos Jr.,87,LW++,"LM, CAM",0,5,5,85,79,84,92,37,60,"1,646",2142,"175cm | 5'9""
Neymar(68kg)
Explosive",33,68kg,Right,Brazil,ROSHN Saudi League,Al Hilal
Frenkie de Jong,87,CM++,CDM,5.2K,3,4,82,69,86,87,77,78,"1,084",2285,"181cm | 5'11""
Mostly Explosive",27,74kg,Right,Netherlands,LALIGA EA SPORTS,FC Barcelona
Jamal Musiala,87,CAM++,"CM, LM",5.2K,4,5,84,81,78,90,63,64,497,2184,"184cm | 6'0""
Avg & Lean(72kg)
Controlled",22,72kg,Right,Germany,Bundesliga,FC Bayern München
Marcos Aoás Corrêa,87,CB++,,5.9K,3,3,79,56,75,74,89,81,198,2117,"183cm | 6'0""
Avg & Normal(75kg)
Controlled Lengthy",30,75kg,Right,Brazil,Ligue 1 Uber Eats,Paris SG
Victor Osimhen,87,ST++,,0,4,3,89,84,65,81,42,82,77,2078,"186cm | 6'1""
Tall & Lean(77kg)
Controlled Lengthy",26,77kg,Right,Nigeria,Serie A TIM,SSC Napoli
Mike Maignan,87,GK++,,5.2K,4,1,84,83,85,88,64,84,181,1212,"191cm | 6'3""
Tall & Normal(89kg)
Lengthy",29,89kg,Right,France,Serie A TIM,Milano FC
Alessandro Bastoni,87,CB++,,5.2K,3,2,75,43,75,76,87,83,374,2060,"190cm | 6'3""
Mostly Lengthy",26,75kg,Left,Italy,Serie A TIM,Lombardia FC
Nicolò Barella,87,CM++,CDM,5.2K,4,3,81,78,83,86,80,82,583,2366,"172cm | 5'8""
Short & Normal(68kg)
Mostly Explosive",28,68kg,Right,Italy,Serie A TIM,Lombardia FC
Yann Sommer,87,GK++,,5.2K,4,1,83,84,85,89,50,86,73,997,"183cm | 6'0""
Avg & Normal(77kg)
Controlled Lengthy",36,77kg,Right,Switzerland,Serie A TIM,Lombardia FC
Victor Osimhen,87,ST++,,5.2K,4,3,89,84,65,81,42,82,237,2078,"186cm | 6'1""
Tall & Lean(77kg)
Controlled Lengthy",26,77kg,Right,Nigeria,Trendyol Süper Lig,Galatasaray
Alexis Mac Allister,86,CM++,CDM,3.7K,3,3,69,82,85,84,76,76,181,2316,"176cm | 5'9""
Avg & Normal(72kg)
Controlled Explosive",26,72kg,Right,Argentina,Premier League,Liverpool
Trent Alexander-Arnold,86,RB++,,3.7K,4,3,75,72,90,80,80,74,221,2292,"180cm | 5'11""
Controlled Explosive",26,72kg,Right,England,Premier League,Liverpool
Gleison Bremer Silva Nascimento,86,CB++,,3.7K,2,2,82,50,58,66,86,85,401,1950,"187cm | 6'2""
Tall & Stocky(84kg)
Mostly Lengthy",28,84kg,Right,Brazil,Serie A TIM,Juventus
C. Ronaldo dos Santos Aveiro,86,ST++,,4.7K,4,5,77,88,77,80,34,77,"1,425",2130,"187cm | 6'2""
Cr7(85kg)
Controlled",40,85kg,Right,Portugal,ROSHN Saudi League,Al Nassr
Karim Benzema,86,ST++,,3.7K,4,4,77,85,81,84,38,77,84,2136,"185cm | 6'1""
Avg & Normal(81kg)
Controlled Lengthy",37,81kg,Right,France,ROSHN Saudi League,Al Ittihad
João Pedro Cavaco Cancelo,86,LB++,"RB, RM",0,4,4,81,73,85,85,80,72,9,2278,"182cm | 6'0""
Mostly Explosive",30,74kg,Right,Portugal,Premier League,Manchester City
Rodrygo Silva de Goes,86,RW++,"RM, ST",3.7K,4,4,89,81,79,88,31,64,993,2081,"174cm | 5'9""
Avg & Lean(64kg)
Explosive",24,64kg,Right,Brazil,LALIGA EA SPORTS,Real Madrid
Luka Modrić,86,CM++,"CDM, CAM",3.7K,4,4,72,76,88,87,71,64,173,2277,"172cm | 5'8""
Avg & Lean(66kg)
Controlled Explosive",39,66kg,Right,Croatia,LALIGA EA SPORTS,Real Madrid
Daniel Carvajal Ramos,86,RB++,,3.7K,3,3,81,58,79,81,81,79,133,2182,"173cm | 5'8""
Controlled Explosive",33,73kg,Right,Spain,LALIGA EA SPORTS,Real Madrid
Pedro González López,86,CM++,LW,3.7K,4,4,77,69,82,88,70,74,143,2177,"174cm | 5'9""
Avg & Lean(60kg)
Controlled Explosive",22,60kg,Right,Spain,LALIGA EA SPORTS,FC Barcelona
Unai Simón Mendibil,86,GK++,,3.7K,3,1,85,81,78,86,49,85,52,957,"190cm | 6'3""
Tall & Normal(89kg)
Controlled Lengthy",27,89kg,Right,Spain,LALIGA EA SPORTS,Athletic Club
Granit Xhaka,86,CDM++,CM,3.7K,3,3,50,75,85,74,79,82,36,2180,"186cm | 6'1""
Tall & Normal(80kg)
Controlled Lengthy",32,80kg,Left,Switzerland,Bundesliga,Leverkusen
Alejandro Grimaldo García,86,LM++,"LB, LW",3.7K,2,4,74,73,88,85,76,71,19,2280,"171cm | 5'7""
Avg & Normal(68kg)
Controlled Explosive",29,68kg,Left,Spain,Bundesliga,Leverkusen
Jonathan Tah,86,CB++,,3.7K,3,2,71,38,60,62,86,84,95,1823,"195cm | 6'5""
Tall & Stocky(94kg)
Controlled Lengthy",29,94kg,Right,Germany,Bundesliga,Leverkusen
Joshua Kimmich,86,RB++,"CDM, CM",3.7K,4,3,69,74,88,84,81,77,185,2335,"177cm | 5'10""
Avg & Normal(75kg)
Controlled Explosive",30,75kg,Right,Germany,Bundesliga,FC Bayern München
Manuel Neuer,86,GK++,,3.7K,4,1,83,81,90,83,49,88,115,1141,"193cm | 6'4""
Controlled Lengthy",39,93kg,Right,Germany,Bundesliga,FC Bayern München
Ousmane Dembélé,86,RW++,"RM, CAM",6K,5,5,92,75,82,88,41,57,366,2079,"178cm | 5'10""
Mostly Explosive",27,67kg,Left,France,Ligue 1 Uber Eats,Paris SG
Gabriel dos S. Magalhães,86,CB++,,3.7K,2,2,69,41,63,61,86,82,72,1839,"190cm | 6'3""
Tall & Lean(87kg)
Lengthy",27,87kg,Left,Brazil,Premier League,Arsenal
Rafael da Conceição Leão,86,LW++,"LM, ST",26.75K,4,5,94,79,80,87,28,77,"1,606",2081,"188cm | 6'2""
Tall & Normal(81kg)
Controlled",25,81kg,Right,Portugal,Serie A TIM,Milano FC
Hakan Çalhanoğlu,86,CDM++,CM,3.7K,5,4,71,80,87,85,79,76,105,2347,"178cm | 5'10""
Avg & Normal(69kg)
Controlled Explosive",31,69kg,Right,Türkiye,Serie A TIM,Lombardia FC
João Pedro Cavaco Cancelo,86,LB++,"RB, RM",3.7K,4,4,81,73,85,85,80,72,117,2278,"182cm | 6'0""
Mostly Explosive",30,74kg,Right,Portugal,ROSHN Saudi League,Al Hilal
Cole Palmer,85,RM++,"CAM, RW",2.2K,3,4,75,82,83,86,50,66,628,2149,"189cm | 6'2'
Tall & Lean(74kg)
Controlled",22,74kg,Left,England,Premier League,Chelsea
Julian Brandt,85,CAM++,"RM, CM",2.2K,4,4,71,79,85,86,50,70,41,2134,"185cm | 6'1""
Avg & Lean(83kg)
Controlled",28,83kg,Right,Germany,Bundesliga,Borussia Dortmund
Alexander Isak,85,ST++,,2.5K,5,4,85,84,73,86,39,74,350,2101,"192cm | 6'4""
Tall & Lean(77kg)
Controlled",25,77kg,Right,Sweden,Premier League,Newcastle Utd
Ollie Watkins,85,ST++,,2.2K,4,3,85,83,73,80,50,83,80,2163,"180cm | 5'11""
Avg & Normal(70kg)
Controlled",29,70kg,Right,England,Premier League,Aston Villa
Andrew Robertson,85,LB++,,2.2K,2,3,78,61,82,79,81,78,69,2191,"178cm | 5'10""
Controlled Explosive",31,64kg,Left,Scotland,Premier League,Liverpool
John Stones,85,CB++,"RB, CDM",2.2K,4,3,69,58,75,79,85,77,31,2089,"188cm | 6'2'
Tall & Normal(76kg)
Controlled Lengthy",30,76kg,Right,England,Premier League,Manchester City
James Maddison,85,CAM++,RM,2.2K,4,4,71,81,86,86,54,63,58,2151,"175cm | 5'9""
Avg & Lean(73kg)
Controlled Explosive",28,73kg,Right,England,Premier League,Spurs
Diogo José Teixeira da Silva,85,ST++,LW,2.5K,5,4,82,82,75,84,57,79,145,2223,"178cm | 5'10""
Avg & Normal(70kg)
Controlled Explosive",28,70kg,Right,Portugal,Premier League,Liverpool
Khvicha Kvaratskhelia,85,LW++,"LM, RW",5K,5,5,86,79,80,86,41,71,193,2092,"183cm | 6'0""
Avg & Normal(70kg)
Mostly Explosive",24,70kg,Right,Georgia,Serie A TIM,SSC Napoli
João Maria Palhinha Gonçalves,85,CDM++,CM,2.2K,4,2,52,68,72,74,85,90,28,2103,"190cm | 6'3""
Tall & Lean(83kg)
Controlled Lengthy",29,83kg,Right,Portugal,Bundesliga,FC Bayern München
Nicholas Williams Arthuer,85,LM++,"RM, LW",2.5K,5,4,93,75,78,86,36,65,"1,784",2052,"181cm | 5'11""
Avg & Lean(67kg)
Mostly Explosive",22,67kg,Right,Spain,LALIGA EA SPORTS,Athletic Club
Sergej Milinković-Savić,85,CM++,CDM,2.2K,5,4,64,80,81,82,78,88,30,2281,"192cm | 6'4""
Tall & Normal(95kg)
Lengthy",30,95kg,Right,Serbia,ROSHN Saudi League,Al Hilal
Riyad Mahrez,85,RM++,RW,2.2K,4,5,79,81,81,88,39,62,35,2097,"179cm | 5'10""
Mostly Explosive",34,67kg,Left,Algeria,ROSHN Saudi League,Al Ahli
N'Golo Kanté,85,CDM++,CM,2.2K,3,2,76,65,73,80,85,78,377,2151,"168cm | 5'6""
Controlled Explosive",34,70kg,Right,France,ROSHN Saudi League,Al Ittihad
Giorgi Mamardashvili,85,GK++,,2.2K,3,1,86,83,72,85,48,85,72,763,"199cm | 6'6""
Tall & Lean(88kg)
Controlled Lengthy",24,88kg,Left,Georgia,LALIGA EA SPORTS,Valencia CF
Éder Gabriel Militão,85,CB++,,2.7K,3,2,85,50,69,71,85,82,462,2060,"186cm | 6'1""
Controlled Lengthy",27,78kg,Right,Brazil,LALIGA EA SPORTS,Real Madrid
Ronald Araujo,85,CB++,RB,3.5K,3,2,82,53,64,62,85,84,434,1964,"188cm | 6'2""
Tall & Normal(79kg)
Lengthy",26,79kg,Right,Uruguay,LALIGA EA SPORTS,FC Barcelona
Jules Koundé,85,RB++,CB,3.8K,3,3,84,45,70,75,86,80,"1,096",2004,"180cm | 5'11""
Avg & Normal(75kg)
Controlled",26,75kg,Right,France,LALIGA EA SPORTS,FC Barcelona
Aurélien Tchouaméni,85,CDM++,"CB, CM",2.2K,3,3,73,69,79,78,82,82,420,2192,"188cm | 6'2""
Tall & Lean(82kg)
Controlled Lengthy",25,82kg,Right,France,LALIGA EA SPORTS,Real Madrid
David Alaba,85,CB++,LB,2.2K,4,3,79,71,83,80,85,77,164,2308,"180cm | 5'11""
Avg & Normal(78kg)
Controlled",32,78kg,Left,Austria,LALIGA EA SPORTS,Real Madrid
Nico Schlotterbeck,85,CB++,,2.2K,2,2,77,59,70,73,85,82,163,2075,"191cm | 6'3""
Tall & Normal(86kg)
Mostly Lengthy",25,86kg,Left,Germany,Bundesliga,Borussia Dortmund
Leroy Sané,85,RM++,"LM, RW",2.2K,2,4,90,83,80,86,37,70,177,2131,"183cm | 6'0""
Mostly Explosive",29,80kg,Left,Germany,Bundesliga,FC Bayern München
Loïs Openda,85,ST++,,2.2K,4,3,93,84,69,81,31,79,368,2061,"177cm | 5'10""
Avg & Normal(75kg)
Controlled",25,75kg,Right,Belgium,Bundesliga,RB Leipzig
Bruno Guimarães Moura,85,CDM++,CM,2.2K,2,3,68,75,83,84,79,83,45,2276,"182cm | 6'0""
Avg & Lean(74kg)
Controlled",27,74kg,Right,Brazil,Premier League,Newcastle Utd
Vítor Machado Ferreira,85,CM++,CDM,2.2K,3,3,72,77,84,87,73,68,145,2237,"172cm | 5'8""
Avg & Lean(64kg)
Controlled Explosive",25,64kg,Right,Portugal,Ligue 1 Uber Eats,Paris SG
Mikel Merino Zazón,85,CM++,CAM,0,3,3,72,79,82,82,83,82,34,2304,"189cm | 6'2""
Tall & Lean(83kg)
Controlled Lengthy",28,83kg,Left,Spain,LALIGA EA SPORTS,Real Sociedad
Sandro Tonali,85,CDM++,CM,2.2K,4,3,84,74,81,81,82,82,436,2315,"181cm | 5'11""
Controlled",24,79kg,Right,Italy,Premier League,Newcastle Utd
Mikel Merino Zazón,85,CM++,CAM,2.2K,3,3,72,79,82,82,83,82,60,2304,"189cm | 6'2""
Tall & Lean(83kg)
Controlled Lengthy",28,83kg,Left,Spain,Premier League,Arsenal
Hummels,85,CB++,,2.2K,3,2,50,59,76,70,86,77,261,2066,"191cm | 6'3""
Tall & Stocky(94kg)
Controlled",36,94kg,Right,Germany,Serie A TIM,AS Roma
Szczesny,85,GK++,,0,3,1,83,83,74,87,49,85,726,1012,"195cm | 6'5""
Tall & Lean(90kg)
Controlled Lengthy",35,90kg,Right,Poland,LALIGA EA SPORTS,FC Barcelona
Khvicha Kvaratskhelia,85,LW++,"LM, RW",3.4K,5,5,86,79,80,86,41,71,49,2092,"183cm | 6'0""
Avg & Normal(70kg)
Mostly Explosive",24,70kg,Right,Georgia,Ligue 1 Uber Eats,Paris SG
Dušan Vlahović,84,ST++,,1.2K,3,3,78,84,69,79,29,83,32,2040,"190cm | 6'3""
Tall & Normal(75kg)
Lengthy",25,75kg,Left,Serbia,Serie A TIM,Juventus
Viktor Gyökeres,84,ST++,LW,1.2K,5,3,90,83,67,80,36,91,"1,347",2100,"187cm | 6'2""
Tall & Normal(90kg)
Mostly Lengthy",26,90kg,Right,Sweden,Liga Portugal,Sporting CP
Kyle Walker,84,RB++,,10.75K,2,3,89,64,77,78,79,81,668,2206,"183cm | 6'0""
Mostly Lengthy",34,83kg,Right,England,Premier League,Manchester City
Jack Grealish,84,LW++,LM,1.2K,3,4,76,76,82,88,53,73,31,2145,"180cm | 5'11""
Controlled Explosive",29,81kg,Right,England,Premier League,Manchester City
Cristian Romero,84,CB++,,1.2K,2,3,68,46,59,66,85,81,44,1908,"185cm | 6'1""
Tall & Normal(79kg)
Mostly Lengthy",26,79kg,Right,Argentina,Premier League,Spurs
Artem Dovbyk,84,ST++,,1.2K,4,3,84,85,69,79,34,81,115,2042,"189cm | 6'2""
Tall & Normal(78kg)
Mostly Lengthy",27,78kg,Left,Ukraine,Serie A TIM,AS Roma
Guglielmo Vicario,84,GK++,,1.2K,4,1,84,80,79,87,52,84,81,1001,"194cm | 6'4""
Tall & Lean(76kg)
Controlled",28,76kg,Right,Italy,Premier League,Spurs
Federico Chiesa,84,RW++,"RM, ST, LW",0,4,4,93,83,76,86,52,75,175,2185,"175cm | 5'9""
Explosive",27,70kg,Right,Italy,Serie A TIM,Juventus
Matthijs de Ligt,84,CB++,,1.2K,3,2,62,61,63,67,85,83,53,1979,"189cm | 6'2""
Controlled Lengthy",25,89kg,Right,Netherlands,Premier League,Manchester Utd
Sadio Mané,84,LM++,"RM, ST, LW",1.2K,4,4,83,81,78,86,44,75,53,2157,"174cm | 5'9""
Mostly Explosive",33,69kg,Right,Senegal,ROSHN Saudi League,Al Nassr
Rúben Diogo da Silva Neves,84,CDM++,CM,1.2K,4,3,57,75,86,77,77,77,5,2219,"180cm | 5'11""
Avg & Normal(83kg)
Controlled",28,83kg,Right,Portugal,ROSHN Saudi League,Al Hilal
Kalidou Koulibaly,84,CB++,,1.2K,4,3,76,48,64,67,85,84,67,1931,"186cm | 6'1""
Mostly Lengthy",33,93kg,Right,Senegal,ROSHN Saudi League,Al Hilal
Yassine Bounou,84,GK++,,1.2K,2,1,81,82,77,86,38,83,26,931,"195cm | 6'5""
Tall & Lean(78kg)
Controlled",34,78kg,Left,Morocco,ROSHN Saudi League,Al Hilal
Christopher Nkunku,84,CAM++,ST,1.2K,3,5,81,81,81,86,60,67,279,2205,"177cm | 5'10""
Avg & Normal(68kg)
Mostly Explosive",27,68kg,Right,France,Premier League,Chelsea
Alejandro Remiro Gargallo,84,GK++,,1.2K,4,1,84,79,80,86,42,86,7,951,"192cm | 6'4""
Tall & Lean(79kg)
Controlled",30,79kg,Right,Spain,LALIGA EA SPORTS,Real Sociedad
Iago Aspas Juncal,84,ST++,,1.2K,4,3,81,86,79,86,35,65,69,2111,"176cm | 5'9""
Avg & Lean(67kg)
Controlled Explosive",37,67kg,Left,Spain,LALIGA EA SPORTS,RC Celta
Rodrigo De Paul,84,CM++,CDM,1.2K,3,4,76,77,83,82,76,82,88,2280,"180cm | 5'11""
Avg & Normal(70kg)
Controlled",30,70kg,Right,Argentina,LALIGA EA SPORTS,Atlético de Madrid
Julián Álvarez,84,ST++,CAM,1.2K,4,4,85,84,80,85,57,78,530,2269,"170cm | 5'7""
Short & Normal(71kg)
Mostly Explosive",25,71kg,Right,Argentina,LALIGA EA SPORTS,Atlético de Madrid
Manuel Akanji,84,CB++,,1.2K,4,2,78,48,71,75,85,82,204,2023,"187cm | 6'2""
Mostly Lengthy",29,91kg,Right,Switzerland,Premier League,Manchester City
Nathan Aké,84,CB++,LB,1.2K,3,2,76,53,72,75,84,77,187,2071,"180cm | 5'11""
Avg & Normal(75kg)
Controlled",30,75kg,Left,Netherlands,Premier League,Manchester City
Kingsley Coman,84,LM++,"RM, LW",1.2K,3,5,89,75,79,87,30,62,289,2021,"181cm | 5'11""
Mostly Explosive",28,75kg,Right,France,Bundesliga,FC Bayern München
Lukáš Hrádecký,84,GK++,,1.2K,3,1,85,80,69,87,40,82,47,831,"192cm | 6'4""
Tall & Normal(85kg)
Controlled",35,85kg,Right,Finland,Bundesliga,Leverkusen
Aleix García Serrano,84,CM++,CDM,1.2K,3,3,67,77,85,84,76,68,20,2218,"173cm | 5'8""
Avg & Normal(68kg)
Controlled",27,68kg,Right,Spain,Bundesliga,Leverkusen
Marcel Sabitzer,84,CM++,"CDM, CAM",1.2K,4,3,76,84,81,82,75,79,73,2306,"178cm | 5'10""
Avg & Normal(76kg)
Controlled",31,76kg,Right,Austria,Bundesliga,Borussia Dortmund
Jeremie Frimpong,84,RM++,"RB, RW",1.2K,3,3,93,62,75,86,75,69,418,2139,"172cm | 5'8""
Avg & Normal(65kg)
Explosive",24,65kg,Right,Netherlands,Bundesliga,Leverkusen
Exequiel Palacios,84,CM++,CDM,1.2K,4,3,69,76,79,82,82,73,18,2224,"178cm | 5'10""
Avg & Lean(69kg)
Controlled Explosive",26,69kg,Right,Argentina,Bundesliga,Leverkusen
Serhou Guirassy,84,ST++,,1.2K,4,3,69,86,71,80,39,79,75,2079,"187cm | 6'2""
Tall & Normal(82kg)
Mostly Lengthy",29,82kg,Right,Guinea,Bundesliga,Borussia Dortmund
Daniel Olmo Carvajal,84,CAM++,CM,1.2K,4,4,73,77,82,87,50,57,93,2077,"179cm | 5'10""
Avg & Lean(72kg)
Controlled Explosive",26,72kg,Right,Spain,LALIGA EA SPORTS,FC Barcelona
Benjamin Pavard,84,CB++,RB,1.2K,3,3,75,67,75,75,86,81,131,2196,"186cm | 6'1""
Tall & Normal(81kg)
Controlled Lengthy",29,81kg,Right,France,Serie A TIM,Lombardia FC
Carlos Henrique Venancio Casimiro,84,CDM++,CM,1.2K,3,2,38,74,77,69,82,82,-19,2111,"185cm | 6'1""
Controlled",33,84kg,Right,Brazil,Premier League,Manchester Utd
Benjamin White,84,RB++,CB,1.2K,4,2,73,35,77,78,83,80,46,1957,"185cm | 6'1""
Tall & Lean(77kg)
Controlled Lengthy",27,77kg,Right,England,Premier League,Arsenal
Francesco Acerbi,84,CB++,,1.2K,3,3,60,50,64,65,86,80,-3,1903,"192cm | 6'4""
Tall & Normal(88kg)
Lengthy",37,88kg,Left,Italy,Serie A TIM,Lombardia FC
Raphael Dias Belloli,84,RW++,"RM, LW",1.5K,4,4,91,79,78,86,53,73,839,2207,"176cm | 5'9""
Avg & Lean(68kg)
Explosive",28,68kg,Left,Brazil,LALIGA EA SPORTS,FC Barcelona
Luis Díaz,84,LW++,"LM, RW",1.6K,4,4,90,80,75,87,39,75,330,2107,"180cm | 5'11""
Mostly Explosive",28,73kg,Right,Colombia,Premier League,Liverpool
Federico Dimarco,84,LB++,LM,1.2K,4,3,80,77,84,83,78,81,133,2333,"174cm | 5'9""
Avg & Normal(76kg)
Controlled",27,76kg,Left,Italy,Serie A TIM,Lombardia FC
Achraf Hakimi,84,RB++,,2.1K,4,4,91,76,80,80,75,78,187,2280,"181cm | 5'11""
Avg & Lean(73kg)
Controlled Explosive",26,73kg,Right,Morocco,Ligue 1 Uber Eats,Paris SG
Lisandro Martínez,84,CB++,,1.2K,4,3,71,59,78,79,85,81,49,2186,"178cm | 5'10""
Avg & Normal(77kg)
Controlled",27,77kg,Left,Argentina,Premier League,Manchester Utd
Diogo Meireles Costa,84,GK++,,1.2K,2,1,83,78,82,86,35,83,44,893,"192cm | 6'4""
Avg & Normal(84kg)
Controlled",25,84kg,Right,Portugal,Liga Portugal,FC Porto
Ferland Mendy,84,LB++,,5.1K,5,4,89,64,76,76,81,85,"1,910",2185,"180cm | 5'11""
Controlled",29,73kg,Left,France,LALIGA EA SPORTS,Real Madrid
Federico Chiesa,84,RW++,"RM, ST, LW",2.3K,4,4,93,83,76,86,52,75,"1,636",2185,"175cm | 5'9""
Explosive",27,70kg,Right,Italy,Premier League,Liverpool
De Gea Quintana,84,GK++,,1.2K,2,1,84,75,68,86,46,83,449,895,"192cm | 6'3'
Controlled",34,76kg,Right,Spain,Serie A TIM,Fiorentina
Kyle Walker,84,RB++,,1.2K,2,3,89,64,77,78,79,81,124,2206,"183cm | 6'0""
Mostly Lengthy",34,83kg,Right,England,Serie A TIM,Milano FC
Leandro Trossard,83,LW++,"LM, ST",900,5,4,82,81,80,85,30,61,90,2040,"171cm | 5'7""
Avg & Normal(67kg)
Explosive",30,67kg,Right,Belgium,Premier League,Arsenal
Lorenzo Pellegrini,83,CAM++,CM,900,4,3,79,78,83,83,74,78,21,2295,"186cm | 6'1""
Tall & Lean(77kg)
Controlled",28,77kg,Right,Italy,Serie A TIM,AS Roma
Pedro Antonio Porro Sauceda,83,RB++,,900,3,3,82,73,80,81,78,77,60,2257,"173cm | 5'8""
Avg & Normal(69kg)
Controlled Explosive",25,69kg,Right,Spain,Premier League,Spurs
Cody Gakpo,83,ST++,LW,900,4,4,82,83,78,83,48,75,131,2146,"189cm | 6'2""
Tall & Lean(76kg)
Controlled",25,76kg,Right,Netherlands,Premier League,Liverpool
Ibrahima Konaté,83,CB++,,900,3,3,75,34,59,68,83,84,497,1789,"194cm | 6'4""
Tall & Normal(95kg)
Lengthy",25,95kg,Right,France,Premier League,Liverpool
Douglas Luiz Soares de Paulo,83,CM++,CDM,900,2,3,66,78,85,80,75,76,18,2264,"175cm | 5'9""
Avg & Normal(66kg)
Controlled",26,66kg,Right,Brazil,Serie A TIM,Juventus
Rafael A. Ferreira Silva,83,CAM++,ST,900,3,4,93,77,77,86,50,54,116,2073,"172cm | 5'8""
Avg & Lean(66kg)
Explosive",31,66kg,Right,Portugal,Trendyol Süper Lig,Beşiktaş
Dušan Tadić,83,LM++,LW,900,3,4,64,79,85,81,43,78,23,2118,"181cm | 5'11""
Controlled Lengthy",36,76kg,Left,Serbia,Trendyol Süper Lig,Fenerbahçe
Aymeric Laporte,83,CB++,,900,3,2,55,50,74,70,85,76,12,1979,"189cm | 6'2""
Controlled Lengthy",30,85kg,Left,Spain,ROSHN Saudi League,Al Nassr
Moussa Diaby,83,RM++,"CAM, RW, ST",900,3,4,95,75,74,86,43,53,291,2004,"170cm | 5'7""
Short & Normal(67kg)
Explosive",25,67kg,Left,France,ROSHN Saudi League,Al Ittihad
Yannick Carrasco,83,LW++,LM,900,4,4,88,81,80,85,59,67,24,2199,"181cm | 5'11""
Avg & Lean(73kg)
Mostly Explosive",31,73kg,Right,Belgium,ROSHN Saudi League,Al Shabab
Olivier Giroud,83,ST++,,900,3,3,45,84,74,75,42,81,34,2004,"193cm | 6'4""
Tall & Normal(91kg)
Controlled Lengthy",38,91kg,Left,France,MLS,LAFC
Xavi Simons,83,CAM++,LW,900,3,4,81,77,80,86,61,71,109,2175,"179cm | 5'10""
Avg & Lean(61kg)
Mostly Explosive",22,61kg,Right,Netherlands,Bundesliga,RB Leipzig
Edmond Tapsoba,83,CB++,,900,4,2,75,54,68,70,85,79,27,1975,"192cm | 6'4""
Tall & Normal(84kg)
Mostly Lengthy",26,84kg,Right,Burkina Faso,Bundesliga,Leverkusen
Nuno Alexandre Tavares Mendes,83,LB++,,2.8K,4,3,89,58,76,82,78,76,141,2169,"180cm | 5'11""
Avg & Normal(70kg)
Controlled Explosive",22,70kg,Left,Portugal,Ligue 1 Uber Eats,Paris SG
Marcus Thuram,83,ST++,,900,4,3,87,81,77,82,50,84,140,2158,"192cm | 6'4""
Tall & Normal(80kg)
Controlled Lengthy",27,80kg,Right,France,Serie A TIM,Lombardia FC
Fikayo Tomori,83,CB++,,1K,4,2,84,40,60,68,85,80,452,1909,"185cm | 6'1""
Tall & Lean(79kg)
Controlled Lengthy",27,79kg,Right,England,Serie A TIM,Milano FC
Lucas Torreira,83,CDM++,CM,900,3,3,76,69,78,81,81,81,61,2226,"166cm | 5'5""
Short & Normal(60kg)
Mostly Explosive",29,60kg,Right,Uruguay,Trendyol Süper Lig,Galatasaray
Kieran Trippier,83,RB++,,900,4,3,67,65,85,78,81,72,14,2229,"173cm | 5'8""
Avg & Normal(71kg)
Controlled",34,71kg,Right,England,Premier League,Newcastle Utd
Viktor Tsygankov,83,RM++,"CM, CAM, RW",900,4,4,85,80,81,82,46,62,56,2081,"178cm | 5'10""
Avg & Lean(72kg)
Mostly Explosive",27,72kg,Left,Ukraine,LALIGA EA SPORTS,Girona FC
Mattia Zaccagni,83,LW++,"LM, CAM",900,4,4,87,77,75,88,57,66,55,2137,"177cm | 5'10""
Avg & Normal(63kg)
Mostly Explosive",29,63kg,Right,Italy,Serie A TIM,Latium
Duván Zapata,83,ST++,,900,4,3,73,82,64,78,35,88,10,1985,"188cm | 6'2""
Tall & Stocky(92kg)
Lengthy",34,92kg,Right,Colombia,Serie A TIM,Torino
Marcos Acuña,83,LB++,LM,1K,3,3,74,74,82,82,80,84,23,2320,"172cm | 5'8""
Avg & Stocky(69kg)
Controlled",33,69kg,Left,Argentina,Libertadores,River Plate
Robert Andrich,83,CDM++,"CB, CM",900,4,2,54,77,76,73,83,83,14,2178,"186cm | 6'1""
Tall & Normal(85kg)
Mostly Lengthy",30,85kg,Right,Germany,Bundesliga,Leverkusen
Ismaël Bennacer,83,CDM++,"CM, CAM",1.2K,3,3,77,73,82,85,78,75,42,2277,"175cm | 5'9""
Avg & Normal(70kg)
Mostly Explosive",27,70kg,Left,Algeria,Serie A TIM,Milano FC
Domenico Berardi,83,RW++,RM,900,3,4,79,81,78,85,36,70,6,2096,"183cm | 6'0""
Avg & Lean(72kg)
Mostly Explosive",30,72kg,Left,Italy,Serie BKT,Sassuolo
Eduardo Camavinga,83,CM++,"LB, CDM",900,3,4,80,67,81,84,78,80,732,2231,"182cm | 6'0""
Avg & Lean(68kg)
Controlled",22,68kg,Left,France,LALIGA EA SPORTS,Real Madrid
Andreas Christensen,83,CB++,CDM,900,3,2,67,32,68,71,85,76,19,1832,"187cm | 6'2""
Tall & Lean(82kg)
Mostly Lengthy",29,82kg,Right,Denmark,LALIGA EA SPORTS,FC Barcelona
Stefan de Vrij,83,CB++,,900,3,2,62,41,65,69,85,75,11,1870,"189cm | 6'2""
Mostly Lengthy",33,78kg,Right,Netherlands,Serie A TIM,Lombardia FC
Ángel Di María,83,RM++,"CAM, RW",900,2,5,76,80,85,88,48,66,53,2173,"180cm | 5'10'
Controlled Explosive",37,69kg,Left,Argentina,Liga Portugal,SL Benfica
Youssef En-Nesyri,83,ST++,,900,3,3,82,82,63,77,36,80,22,1969,"188cm | 6'2""
Tall & Lean(78kg)
Mostly Lengthy",27,78kg,Left,Morocco,Trendyol Süper Lig,Fenerbahçe
José María Giménez,83,CB++,,900,3,2,71,46,58,61,85,82,31,1852,"185cm | 6'1""
Tall & Normal(79kg)
Mostly Lengthy",30,79kg,Right,Uruguay,LALIGA EA SPORTS,Atlético de Madrid
Leon Goretzka,83,CM++,CDM,900,4,3,70,80,80,81,80,85,69,2287,"189cm | 6'2""
Mostly Lengthy",30,82kg,Right,Germany,Bundesliga,FC Bayern München
Joško Gvardiol,83,LB++,CB,900,4,3,79,69,74,78,83,83,253,2202,"185cm | 6'1""
Tall & Normal(80kg)
Mostly Lengthy",23,80kg,Left,Croatia,Premier League,Manchester City
Kai Havertz,83,ST++,CM,900,4,4,77,81,80,82,49,72,92,2120,"193cm | 6'4""
Controlled",25,82kg,Left,Germany,Premier League,Arsenal
Lucas Hernández,83,CB++,LB,900,2,2,74,54,72,71,84,78,29,2042,"184cm | 6'0""
Controlled Lengthy",29,79kg,Left,France,Ligue 1 Uber Eats,Paris SG
Mauro Icardi,83,ST++,,900,4,3,68,83,71,76,40,75,23,2015,"181cm | 5'11""
Controlled Lengthy",32,79kg,Right,Argentina,Trendyol Süper Lig,Galatasaray
Min Jae Kim,83,CB++,,900,3,2,76,33,57,63,85,83,65,1810,"190cm | 6'3""
Tall & Normal(81kg)
Lengthy",28,81kg,Right,Korea Republic,Bundesliga,FC Bayern München
Teun Koopmeiners,83,CM++,CAM,0,2,3,66,78,83,78,75,78,9,2236,"183cm | 6'0""
Avg & Normal(77kg)
Controlled Lengthy",27,77kg,Left,Netherlands,Serie A TIM,Bergamo Calcio
Mateo Kovačić,83,CM++,CDM,900,4,4,69,67,82,87,71,70,31,2165,"177cm | 5'10""
Avg & Normal(80kg)
Controlled Explosive",30,80kg,Right,Croatia,Premier League,Manchester City
Konrad Laimer,83,CDM++,"RB, CM",900,3,3,80,69,77,77,82,78,46,2179,"180cm | 5'11""
Avg & Lean(72kg)
Controlled Explosive",27,72kg,Right,Austria,Bundesliga,FC Bayern München
Robin Le Normand,83,CB++,,900,3,2,62,26,54,60,84,79,9,1680,"187cm | 6'2""
Tall & Lean(81kg)
Mostly Lengthy",28,81kg,Right,Spain,LALIGA EA SPORTS,Atlético de Madrid
Marcos Llorente Moreno,83,RM++,"RB, CM, RW",900,4,3,89,79,78,80,79,81,835,2274,"184cm | 6'0""
Avg & Lean(74kg)
Controlled",30,74kg,Right,Spain,LALIGA EA SPORTS,Atlético de Madrid
Manuel Locatelli,83,CDM++,CM,900,4,3,64,70,80,78,79,80,19,2159,"185cm | 6'1""
Tall & Lean(75kg)
Controlled Lengthy",27,75kg,Right,Italy,Serie A TIM,Juventus
Donyell Malen,83,RM++,"LM, RW, ST",1.7K,4,4,89,81,74,85,35,72,313,2087,"176cm | 5'9""
Mostly Explosive",26,68kg,Right,Netherlands,Bundesliga,Borussia Dortmund
Gabriel Teodoro Martinelli Silva,83,LW++,"LM, RW",1K,3,4,89,78,75,85,46,72,125,2123,"178cm | 5'10""
Avg & Lean(75kg)
Mostly Explosive",23,75kg,Right,Brazil,Premier League,Arsenal
Henrikh Mkhitaryan,83,CM++,CAM,900,5,4,78,79,82,84,72,77,54,2286,"177cm | 5'10""
Avg & Normal(75kg)
Mostly Explosive",36,75kg,Right,Armenia,Serie A TIM,Lombardia FC
Álvaro Borja Morata Martín,83,ST++,,900,4,3,82,81,73,80,31,79,17,2038,"190cm | 6'3""
Controlled Lengthy",32,84kg,Right,Spain,Serie A TIM,Milano FC
Gerard Moreno Balagueró,83,ST++,"CAM, RW",900,4,3,77,85,77,81,46,72,20,2127,"180cm | 5'11""
Avg & Normal(77kg)
Controlled Explosive",33,77kg,Left,Spain,LALIGA EA SPORTS,Villarreal CF
André Onana,83,GK++,,900,3,1,83,75,87,86,61,79,21,1159,"190cm | 6'3""
Tall & Stocky(93kg)
Mostly Lengthy",29,93kg,Right,Cameroon,Premier League,Manchester Utd
Willi Orban,83,CB++,,900,3,2,58,36,56,56,85,78,7,1720,"186cm | 6'1""
Tall & Normal(87kg)
Controlled Lengthy",32,87kg,Right,Hungary,Bundesliga,RB Leipzig
Pablo Martín Páez Gavira,83,CM++,LW,900,3,3,76,66,78,85,68,70,44,2095,"173cm | 5'8""
Avg & Normal(70kg)
Controlled Explosive",20,70kg,Right,Spain,LALIGA EA SPORTS,FC Barcelona
Daniel Parejo Muñoz,83,CM++,CDM,900,4,3,52,80,88,78,74,69,10,2206,"182cm | 6'0""
Avg & Normal(74kg)
Controlled Lengthy",36,74kg,Right,Spain,LALIGA EA SPORTS,Villarreal CF
Pedro António Pereira Gonçalves,83,LW++,"CM, LM, CAM",900,4,4,78,82,84,84,63,68,81,2240,"173cm | 5'8""
Avg & Normal(77kg)
Explosive",26,77kg,Right,Portugal,Liga Portugal,Sporting CP
Jordan Pickford,83,GK++,,900,4,1,83,78,88,87,53,80,26,1168,"185cm | 6'1""
Tall & Normal(77kg)
Controlled Lengthy",31,77kg,Left,England,Premier League,Everton
Nick Pope,83,GK++,,900,3,1,82,82,75,85,49,82,47,973,"199cm | 6'6""
Tall & Lean(76kg)
Controlled Lengthy",33,76kg,Right,England,Premier League,Newcastle Utd
Ivan Provedel,83,GK++,,900,2,1,84,79,80,85,42,84,25,1009,"192cm | 6'4""
Tall & Normal(84kg)
Controlled",31,84kg,Right,Italy,Serie A TIM,Latium
Christian Pulisic,83,RW++,"RM, LW",900,5,4,88,82,78,86,37,63,297,2103,"177cm | 5'9'
Avg & Lean(69kg)
Mostly Explosive",26,69kg,Right,United States,Serie A TIM,Milano FC
David Raya Martin,83,GK++,,900,3,1,82,81,86,82,57,81,23,1080,"183cm | 6'0""
Avg & Normal(75kg)
Controlled",29,75kg,Right,Spain,Premier League,Arsenal
Jorge Resurrección,83,CDM++,CM,900,4,3,69,72,84,79,77,78,1,2224,"176cm | 5'9""
Avg & Normal(75kg)
Controlled",33,75kg,Right,Spain,LALIGA EA SPORTS,Atlético de Madrid
Guido Rodríguez,83,CDM++,CM,900,4,2,51,58,72,70,85,80,18,1995,"185cm | 6'1""
Tall & Lean(80kg)
Mostly Lengthy",30,80kg,Right,Argentina,Premier League,West Ham
Alessio Romagnoli,83,CB++,,900,3,2,64,40,56,69,85,79,5,1796,"185cm | 6'1""
Mostly Lengthy",30,75kg,Left,Italy,Serie A TIM,Latium
Teun Koopmeiners,83,CM++,CAM,900,2,3,66,78,83,78,75,78,5,2236,"183cm | 6'0""
Avg & Normal(77kg)
Controlled Lengthy",27,77kg,Left,Netherlands,Serie A TIM,Juventus
Rabiot,83,CM++,CDM,900,3,3,82,76,80,79,82,86,65,2297,"191cm | 6'3""
Tall & Lean(80kg)
Mostly Lengthy",30,80kg,Left,France,Ligue 1 Uber Eats,OM
Álvaro Borja Morata Martín,83,ST++,,900,4,3,82,81,73,80,31,79,29,2038,"190cm | 6'3""
Controlled Lengthy",32,84kg,Right,Spain,Trendyol Süper Lig,Galatasaray
Ismaël Bennacer,83,CDM++,"CM, CAM",900,3,3,77,73,82,85,78,75,33,2277,"175cm | 5'9""
Avg & Normal(70kg)
Mostly Explosive",27,70kg,Left,Algeria,Ligue 1 Uber Eats,OM
Donyell Malen,83,RM++,"LM, RW, ST",900,4,4,89,81,74,85,35,72,30,2087,"176cm | 5'9""
Mostly Explosive",26,68kg,Right,Netherlands,Premier League,Aston Villa
Leon Bailey,82,RM++,"RW, ST",650,2,4,90,78,77,86,38,62,84,2060,"178cm | 5'10""
Avg & Lean(77kg)
Mostly Explosive",27,77kg,Left,Jamaica,Premier League,Aston Villa
Gianluca Mancini,82,CB++,,650,3,2,71,45,56,64,83,85,4,1835,"190cm | 6'3""
Tall & Normal(77kg)
Lengthy",29,77kg,Right,Italy,Serie A TIM,AS Roma
Dejan Kulusevski,82,RM++,"CAM, RW",450,3,4,75,77,80,83,57,80,27,2144,"186cm | 6'1""
Tall & Lean(80kg)
Controlled Lengthy",25,80kg,Left,Sweden,Premier League,Spurs
Destiny Udogie,82,LB++,,750,3,3,88,65,74,80,78,80,545,2146,"186cm | 6'1""
Tall & Normal(73kg)
Controlled",22,73kg,Left,Italy,Premier League,Spurs
Micky van de Ven,82,CB++,,1.1K,3,3,88,47,64,71,83,81,"1,211",1942,"193cm | 6'4""
Tall & Normal(86kg)
Lengthy",24,86kg,Left,Netherlands,Premier League,Spurs
Stanislav Lobotka,82,CM++,CDM,500,4,3,72,69,80,81,75,75,12,2126,"170cm | 5'7""
Short & Normal(68kg)
Controlled Explosive",30,68kg,Right,Slovakia,Serie A TIM,SSC Napoli
Giovanni Di Lorenzo,82,RB++,RM,650,3,3,83,67,73,76,79,80,41,2166,"183cm | 6'0""
Avg & Normal(82kg)
Controlled",31,82kg,Right,Italy,Serie A TIM,SSC Napoli
Danilo Luiz da Silva,82,CB++,RB,1.3K,4,3,76,67,74,74,84,77,41,2174,"184cm | 6'0""
Avg & Lean(78kg)
Mostly Lengthy",33,78kg,Right,Brazil,Serie A TIM,Juventus
Iñaki Williams Arthuer,82,RM++,"RW, ST",650,3,4,94,81,72,80,45,84,392,2131,"186cm | 6'1""
Tall & Lean(80kg)
Controlled Lengthy",30,80kg,Right,Ghana,LALIGA EA SPORTS,Athletic Club
Chris Smalling,82,CB++,,0,3,2,54,47,58,61,85,79,1,1810,"194cm | 6'4""
Tall & Lean(81kg)
Controlled Lengthy",35,81kg,Right,England,Serie A TIM,AS Roma
Koen Casteels,82,GK++,,650,2,1,82,79,74,85,45,83,11,933,"197cm | 6'6""
Tall & Normal(86kg)
Controlled Lengthy",32,86kg,Left,Belgium,ROSHN Saudi League,Al Qadisiyah
Fábio Henrique Tavares,82,CDM++,CM,650,2,3,58,69,78,77,80,82,14,2139,"188cm | 6'2""
Controlled Lengthy",31,78kg,Right,Brazil,ROSHN Saudi League,Al Ittihad
Marcelo Brozović,82,CDM++,CM,650,4,3,66,74,79,80,80,80,3,2231,"181cm | 5'11""
Avg & Lean(72kg)
Controlled",32,72kg,Right,Croatia,ROSHN Saudi League,Al Nassr
Franck Yannick Kessié,82,CDM++,CM,650,4,3,79,77,74,79,80,88,58,2237,"183cm | 6'0""
Avg & Normal(74kg)
Mostly Lengthy",28,74kg,Right,Côte d'Ivoire,ROSHN Saudi League,Al Ahli
Otávio Edmilson da Silva Monteiro,82,CAM++,"RM, CM",650,3,4,78,71,81,85,67,74,18,2209,"171cm | 5'7""
Avg & Normal(67kg)
Explosive",30,67kg,Right,Portugal,ROSHN Saudi League,Al Nassr
Aleksandar Mitrović,82,ST++,,650,4,3,64,82,62,73,28,88,16,1903,"189cm | 6'2""
Tall & Stocky(90kg)
Lengthy",30,90kg,Right,Serbia,ROSHN Saudi League,Al Hilal
Pierre-Emerick Aubameyang,82,ST++,,650,4,4,84,83,72,78,35,63,36,2021,"187cm | 6'2""
Controlled",35,80kg,Right,Gabon,ROSHN Saudi League,Al Qadisiyah
José Ignacio Fernández Iglesias,82,CB++,"RB, LB",650,4,2,73,37,68,71,82,79,25,1913,"180cm | 5'11""
Avg & Normal(76kg)
Controlled",35,76kg,Right,Spain,ROSHN Saudi League,Al Qadisiyah
Malcom Filipe Silva de Oliveira,82,CAM++,RM,650,3,4,84,79,79,84,43,72,30,2121,"172cm | 5'8""
Avg & Stocky(74kg)
Mostly Explosive",28,74kg,Left,Brazil,ROSHN Saudi League,Al Hilal
Marc Cucurella Saseta,82,LB++,,450,3,3,75,60,80,80,78,76,-772,2166,"173cm | 5'8""
Avg & Normal(67kg)
Controlled Explosive",26,67kg,Left,Spain,Premier League,Chelsea
Enzo Fernández,82,CM++,CDM,650,4,3,69,73,82,80,73,77,21,2219,"178cm | 5'10""
Avg & Normal(78kg)
Controlled",24,78kg,Right,Argentina,Premier League,Chelsea
Moisés Caicedo,82,CDM++,CM,650,3,3,75,63,75,78,79,78,86,2115,"178cm | 5'10""
Avg & Normal(73kg)
Controlled Explosive",23,73kg,Right,Ecuador,Premier League,Chelsea
Reece James,82,RB++,,650,4,3,78,72,83,82,82,82,49,2295,"179cm | 5'10""
Avg & Stocky(91kg)
Controlled",25,91kg,Right,England,Premier League,Chelsea
Anderson Souza Conceição,82,RM++,"CAM, RW, ST",650,4,4,79,84,78,83,53,75,45,2179,"191cm | 6'3""
Tall & Lean(75kg)
Controlled",31,75kg,Left,Brazil,ROSHN Saudi League,Al Nassr
Luis Suárez,82,ST++,,650,4,3,64,85,78,77,41,75,187,2097,"182cm | 6'0""
Controlled Lengthy",38,86kg,Right,Uruguay,MLS,Inter Miami CF
Sávio Moreira de Oliveira,82,LW++,LM,400,2,4,88,72,77,84,30,53,121,1909,"176cm | 5'9""
Avg & Lean(71kg)
Explosive",21,71kg,Left,Brazil,Premier League,Manchester City
Oliver Baumann,82,GK++,,350,2,1,81,80,78,83,39,79,7,897,"187cm | 6'2""
Tall & Normal(82kg)
Controlled",34,82kg,Right,Germany,Bundesliga,TSG Hoffenheim
Matthias Ginter,82,CB++,,650,3,2,54,59,71,66,85,75,1,1961,"189cm | 6'2""
Tall & Normal(87kg)
Controlled Lengthy",31,87kg,Right,Germany,Bundesliga,SC Freiburg
Kevin Trapp,82,GK++,,400,4,1,82,80,76,84,46,79,13,890,"189cm | 6'2""
Tall & Normal(84kg)
Controlled Lengthy",34,84kg,Right,Germany,Bundesliga,Frankfurt
Victor Boniface,82,ST++,,650,3,3,73,83,66,80,38,82,17,2000,"190cm | 6'3""
Tall & Stocky(91kg)
Lengthy",24,91kg,Right,Nigeria,Bundesliga,Leverkusen
Randal Kolo Muani,82,ST++,,2.6K,4,4,90,80,71,81,38,67,111,2030,"187cm | 6'2""
Tall & Lean(73kg)
Controlled",26,73kg,Right,France,Ligue 1 Uber Eats,Paris SG
Bernd Leno,82,GK++,,650,3,1,83,79,76,84,53,82,12,996,"189cm | 6'2""
Tall & Normal(83kg)
Controlled Lengthy",33,83kg,Right,Germany,Premier League,Fulham
Ademola Lookman,82,ST++,,650,4,4,84,81,71,86,31,66,113,2004,"174cm | 5'9""
Avg & Lean(71kg)
Explosive",27,71kg,Right,Nigeria,Serie A TIM,Bergamo Calcio
Romelu Lukaku,82,ST++,,0,4,3,79,82,73,74,38,82,1,2035,"191cm | 6'3""
Lengthy",31,94kg,Left,Belgium,Premier League,Chelsea
John McGinn,82,CM++,"CDM, RM",650,2,3,68,77,80,82,78,85,15,2244,"178cm | 5'10""
Avg & Stocky(68kg)
Controlled",30,68kg,Left,Scotland,Premier League,Aston Villa
Nahuel Molina,82,RB++,,650,3,3,85,67,75,78,78,71,58,2120,"175cm | 5'9""
Avg & Lean(70kg)
Explosive",27,70kg,Right,Argentina,LALIGA EA SPORTS,Atlético de Madrid
Thomas Müller,82,CAM++,ST,650,4,3,57,82,83,79,55,68,69,2117,"185cm | 6'1""
Tall & Lean(76kg)
Controlled",35,76kg,Right,Germany,Bundesliga,FC Bayern München
Darwin Núñez,82,ST++,,650,3,3,90,80,72,78,46,86,280,2142,"187cm | 6'2""
Controlled Lengthy",25,81kg,Right,Uruguay,Premier League,Liverpool
Michael Olise,82,RM++,"CAM, RW",650,2,4,80,77,82,84,53,56,262,2089,"184cm | 6'0""
Avg & Lean(73kg)
Controlled",23,73kg,Left,France,Bundesliga,FC Bayern München
Mikel Oyarzabal Ugarte,82,ST++,"LM, LW",650,3,3,77,83,81,82,42,63,5,2099,"181cm | 5'11""
Avg & Lean(79kg)
Controlled Explosive",28,79kg,Left,Spain,LALIGA EA SPORTS,Real Sociedad
Thomas Partey,82,CDM++,CM,400,3,3,62,71,80,77,79,82,-73,2131,"185cm | 6'1""
Tall & Lean(77kg)
Mostly Lengthy",31,77kg,Right,Ghana,Premier League,Arsenal
Tijjani Reijnders,82,CM++,"CDM, CAM",650,4,4,80,76,80,84,73,74,151,2228,"185cm | 6'1""
Tall & Lean(73kg)
Controlled",26,73kg,Right,Netherlands,Serie A TIM,Milano FC
Fabián Ruiz Peña,82,CM++,CDM,400,3,4,54,76,80,80,75,72,8,2131,"189cm | 6'2""
Tall & Lean(70kg)
Controlled",29,70kg,Left,Spain,Ligue 1 Uber Eats,Paris SG
Brice Samba,82,GK++,,950,3,1,79,83,80,84,53,81,13,954,"187cm | 6'2""
Tall & Stocky(90kg)
Controlled Lengthy",31,90kg,Left,France,Ligue 1 Uber Eats,RC Lens
Oihan Sancet Tirapu,82,CAM++,"CM, ST",650,4,4,73,77,80,84,70,82,-35,2246,"188cm | 6'2""
Tall & Lean(77kg)
Controlled",25,77kg,Right,Spain,LALIGA EA SPORTS,Athletic Club
Jadon Sancho,82,LM++,"RM, LW",0,3,5,79,69,78,89,32,50,29,1921,"180cm | 5'11""
Mostly Explosive",25,76kg,Right,England,Premier League,Manchester Utd
Fabian Schär,82,CB++,,400,3,2,51,68,77,74,84,79,12,2127,"188cm | 6'2""
Tall & Normal(84kg)
Controlled Lengthy",33,84kg,Right,Switzerland,Premier League,Newcastle Utd
Patrik Schick,82,ST++,,350,3,4,74,81,71,81,37,76,6,2020,"191cm | 6'3""
Tall & Normal(87kg)
Controlled",29,87kg,Left,Czechia,Bundesliga,Leverkusen
Luke Shaw,82,LB++,CB,800,2,3,75,57,82,78,81,78,11,2172,"181cm | 5'11""
Avg & Stocky(75kg)
Controlled Lengthy",29,75kg,Left,England,Premier League,Manchester Utd
Alexander Sørloth,82,ST++,,650,4,3,79,82,70,76,36,85,49,2006,"195cm | 6'5""
Tall & Normal(94kg)
Lengthy",29,94kg,Left,Norway,LALIGA EA SPORTS,Atlético de Madrid
Niklas Süle,82,CB++,RB,400,3,3,70,51,67,64,83,79,12,1896,"195cm | 6'5""
Tall & Stocky(99kg)
Lengthy",29,99kg,Right,Germany,Bundesliga,Borussia Dortmund
Dayot Upamecano,82,CB++,,650,3,3,81,45,63,73,81,85,173,1923,"186cm | 6'1""
Tall & Stocky(90kg)
Mostly Lengthy",26,90kg,Right,France,Bundesliga,FC Bayern München
Raphaël Varane,82,CB++,,4K,4,2,73,49,64,69,83,77,195,1911,"191cm | 6'3""
Lengthy",32,81kg,Right,France,Serie A TIM,Como
Francisco Román Alarcón Suárez,82,CAM++,"CM, LM",650,4,4,66,74,82,83,59,59,41,2081,"176cm | 5'9""
Avg & Normal(79kg)
Controlled",33,79kg,Right,Spain,LALIGA EA SPORTS,Real Betis
Joelinton Apolinário de Lira,82,CM++,LW,650,3,3,76,72,76,82,81,89,200,2214,"186cm | 6'1""
Tall & Stocky(81kg)
Mostly Lengthy",28,81kg,Right,Brazil,Premier League,Newcastle Utd
Eduardo Gabriel Aquino Cossa,82,CAM++,"RM, LM",650,2,4,87,74,75,85,62,62,21,2078,"173cm | 5'8""
Avg & Normal(72kg)
Explosive",28,72kg,Right,Brazil,Liga Portugal,FC Porto
Sven Botman,82,CB++,,450,3,2,60,37,63,65,83,83,20,1803,"193cm | 6'4""
Tall & Normal(81kg)
Controlled Lengthy",25,81kg,Left,Netherlands,Premier League,Newcastle Utd
Jarrod Bowen,82,RM++,"RW, ST",650,3,4,77,81,76,81,46,70,19,2099,"175cm | 5'9""
Avg & Normal(70kg)
Controlled Explosive",28,70kg,Left,England,Premier League,West Ham
Emre Can,82,CDM++,CB,650,4,3,77,78,74,76,82,86,32,2266,"186cm | 6'1""
Tall & Stocky(86kg)
Mostly Lengthy",31,86kg,Right,Germany,Bundesliga,Borussia Dortmund
Marco Carnesecchi,82,GK++,,450,3,1,84,79,71,85,30,83,5,783,"191cm | 6'3""
Tall & Normal(83kg)
Controlled",24,83kg,Right,Italy,Serie A TIM,Bergamo Calcio
Lucas Tolentino Coelho de Lima,82,LM++,"CAM, LW",650,4,5,72,77,79,85,69,79,36,2222,"180cm | 5'11""
Avg & Normal(72kg)
Controlled",27,72kg,Left,Brazil,Premier League,West Ham
Ángel Correa,82,ST++,RM,750,4,4,85,84,77,86,50,75,297,2192,"171cm | 5'7""
Avg & Normal(70kg)
Explosive",30,70kg,Right,Argentina,LALIGA EA SPORTS,Atlético de Madrid
José Diogo Dalot Teixeira,82,RB++,LB,750,4,4,85,63,77,80,79,79,265,2175,"183cm | 6'0""
Avg & Normal(76kg)
Controlled",26,76kg,Right,Portugal,Premier League,Manchester Utd
Sergi Darder Moll,82,CM++,"CDM, CAM",650,3,3,79,78,82,83,74,77,43,2259,"180cm | 5'11""
Avg & Lean(71kg)
Controlled Explosive",31,71kg,Right,Spain,LALIGA EA SPORTS,RCD Mallorca
Alphonso Davies,82,LB++,LM,800,3,4,95,66,77,84,72,76,295,2184,"185cm | 6'0'
Controlled",24,77kg,Left,Canada,Bundesliga,FC Bayern München
Brahim Díaz,82,CAM++,"RW, LW",650,5,4,85,74,78,85,31,56,75,1925,"170cm | 5'7""
Short & Normal(68kg)
Explosive",25,68kg,Right,Morocco,LALIGA EA SPORTS,Real Madrid
Denzel Dumfries,82,RB++,RM,650,3,2,83,66,73,74,78,88,65,2138,"188cm | 6'2""
Tall & Normal(80kg)
Lengthy",29,80kg,Right,Netherlands,Serie A TIM,Lombardia FC
Edin Džeko,82,ST++,,400,5,3,57,82,73,76,45,76,36,1978,"193cm | 6'4""
Tall & Lean(80kg)
Controlled Lengthy",39,80kg,Right,Bosnia and Herzegovina,Trendyol Süper Lig,Fenerbahçe
Gabriel Fernando de Jesus,82,ST++,,650,3,4,83,80,75,88,39,77,128,2133,"175cm | 5'9""
Explosive",28,73kg,Right,Brazil,Premier League,Arsenal
Luiz Frello Filho Jorge,82,CDM++,CM,400,3,3,46,67,83,80,73,71,-9,2109,"178cm | 5'10""
Avg & Lean(68kg)
Controlled",33,68kg,Right,Italy,Premier League,Arsenal
Pau Francisco Torres,82,CB++,,650,3,2,70,41,77,70,83,79,19,2014,"191cm | 6'3""
Tall & Lean(80kg)
Mostly Lengthy",28,80kg,Left,Spain,Premier League,Aston Villa
Niclas Füllkrug,82,ST++,,400,4,3,63,84,71,75,43,81,26,2051,"188cm | 6'2""
Tall & Stocky(83kg)
Lengthy",32,83kg,Right,Germany,Premier League,West Ham
José Luís Gayà Peña,82,LB++,,650,3,4,81,61,77,79,78,74,7,2136,"172cm | 5'8""
Avg & Lean(66kg)
Controlled Explosive",29,66kg,Left,Spain,LALIGA EA SPORTS,Valencia CF
Paulo Gazzaniga,82,GK++,,650,3,1,82,80,83,81,57,82,30,1125,"196cm | 6'5""
Tall & Lean(90kg)
Controlled",33,90kg,Right,Argentina,LALIGA EA SPORTS,Girona FC
Serge Gnabry,82,RM++,"LM, RW, ST",650,4,4,80,83,78,84,43,66,28,2074,"176cm | 5'9""
Mostly Explosive",29,77kg,Right,Germany,Bundesliga,FC Bayern München
Anthony Gordon,82,LW++,LM,650,3,3,91,78,76,81,49,71,54,2110,"183cm | 6'0""
Avg & Lean(72kg)
Mostly Explosive",24,72kg,Right,England,Premier League,Newcastle Utd
Raphaël Guerreiro,82,LB++,CM,400,2,4,63,78,85,88,76,56,16,2199,"170cm | 5'7""
Short & Normal(71kg)
Controlled Explosive",31,71kg,Left,Portugal,Bundesliga,FC Bayern München
Péter Gulácsi,82,GK++,,650,2,1,82,82,75,81,43,83,3,939,"191cm | 6'3""
Tall & Normal(86kg)
Controlled Lengthy",34,86kg,Right,Hungary,Bundesliga,RB Leipzig
Yangel Herrera,82,CDM++,CM,650,3,3,64,77,76,78,80,81,13,2169,"184cm | 6'0""
Avg & Lean(77kg)
Mostly Lengthy",27,77kg,Right,Venezuela,LALIGA EA SPORTS,Girona FC
Jonas Hofmann,82,CAM++,ST,350,4,3,73,79,81,81,64,72,3,2175,"176cm | 5'9""
Avg & Normal(72kg)
Controlled Explosive",32,72kg,Right,Germany,Bundesliga,Leverkusen
Ciro Immobile,82,ST++,,650,4,3,82,83,67,78,39,73,40,2043,"185cm | 6'1""
Controlled",35,85kg,Right,Italy,Trendyol Süper Lig,Beşiktaş
Boubacar Kamara,82,CDM++,CM,650,3,3,66,54,74,75,83,80,9,2024,"184cm | 6'0""
Avg & Lean(68kg)
Mostly Lengthy",25,68kg,Right,France,Premier League,Aston Villa
Filip Kostić,82,LM++,"LB, LW",0,2,3,85,76,81,81,70,80,16,2258,"184cm | 6'0""
Avg & Normal(84kg)
Controlled",32,84kg,Left,Serbia,Serie A TIM,Juventus
Mohammed Kudus,82,RM++,"LM, CAM, RW",650,3,4,90,77,73,86,60,75,114,2131,"177cm | 5'10""
Avg & Normal(70kg)
Controlled Explosive",24,70kg,Left,Ghana,Premier League,West Ham
Alexandre Lacazette,82,ST++,,650,4,4,70,84,76,83,44,75,15,2118,"175cm | 5'9""
Controlled",33,73kg,Right,France,Ligue 1 Uber Eats,OL
Jeremías Conan Ledesma,82,GK++,,950,2,1,82,79,75,83,46,81,5,928,"186cm | 6'1""
Tall & Stocky(83kg)
Controlled Lengthy",32,83kg,Right,Argentina,Libertadores,River Plate
Chris Smalling,82,CB++,,450,3,2,54,47,58,61,85,79,6,1810,"194cm | 6'4""
Tall & Lean(81kg)
Controlled Lengthy",35,81kg,Right,England,ROSHN Saudi League,Al Fayha
Romelu Lukaku,82,ST++,,350,4,3,79,82,73,74,38,82,19,2035,"191cm | 6'3""
Lengthy",31,94kg,Left,Belgium,Serie A TIM,SSC Napoli
Filip Kostić,82,LM++,"LB, LW",650,2,3,85,76,81,81,70,80,14,2258,"184cm | 6'0""
Avg & Normal(84kg)
Controlled",32,84kg,Left,Serbia,Trendyol Süper Lig,Fenerbahçe
Jadon Sancho,82,LM++,"RM, LW",650,3,5,79,69,78,89,32,50,63,1921,"180cm | 5'11""
Mostly Explosive",25,76kg,Right,England,Premier League,Chelsea
Hermoso Canseco,82,CB++,,0,3,2,75,49,74,71,82,79,23,2040,"184cm | 6'0""
Avg & Normal(76kg)
Controlled Lengthy",29,76kg,Left,Spain,Serie A TIM,AS Roma
Randal Kolo Muani,82,ST++,,750,4,4,90,80,71,81,38,67,60,2030,"187cm | 6'2""
Tall & Lean(73kg)
Controlled",26,73kg,Right,France,Serie A TIM,Juventus
Anderson Souza Conceição,82,RM++,"CAM, RW, ST",650,4,4,79,84,78,83,53,75,19,2179,"191cm | 6'3""
Tall & Lean(75kg)
Controlled",31,75kg,Left,Brazil,Trendyol Süper Lig,Fenerbahçe
Brice Samba,82,GK++,,650,3,1,79,83,80,84,53,81,3,954,"187cm | 6'2""
Tall & Stocky(90kg)
Controlled Lengthy",31,90kg,Left,France,Ligue 1 Uber Eats,Stade Rennais FC
Dominic Solanke,81,ST++,,400,3,3,75,81,66,78,29,83,29,1952,"187cm | 6'2""
Tall & Lean(80kg)
Mostly Lengthy",27,80kg,Right,England,Premier League,Spurs
Bryan Cristante,81,CM++,"CB, CDM",650,4,3,55,74,78,75,78,84,3,2158,"186cm | 6'1""
Tall & Normal(80kg)
Controlled Lengthy",30,80kg,Right,Italy,Serie A TIM,AS Roma
Richarlison de Andrade,81,ST++,LM,650,5,4,77,80,73,80,53,78,41,2137,"184cm | 6'0""
Avg & Normal(71kg)
Controlled",27,71kg,Right,Brazil,Premier League,Spurs
Rodrigo Bentancur,81,CM++,CDM,650,4,4,67,68,80,82,79,76,25,2181,"187cm | 6'2""
Tall & Lean(73kg)
Controlled Lengthy",27,73kg,Right,Uruguay,Premier League,Spurs
Dávid Hancko,81,CB++,LB,650,3,2,78,66,72,74,81,80,18,2125,"188cm | 6'2""
Tall & Lean(82kg)
Controlled Lengthy",27,82kg,Left,Slovakia,Eredivisie,Feyenoord
Benjamin Henrichs,81,RB++,"LB, RM",350,4,3,74,54,76,78,79,74,1,2071,"183cm | 6'0""
Avg & Normal(79kg)
Controlled",28,79kg,Right,Germany,Bundesliga,RB Leipzig
Piero Hincapié,81,CB++,LB,650,2,3,78,40,64,72,81,80,25,1923,"184cm | 6'0""
Avg & Normal(77kg)
Controlled",23,77kg,Left,Ecuador,Bundesliga,Leverkusen
Ferdi Kadıoğlu,81,LB++,RB,0,4,4,88,65,75,85,75,76,126,2175,"174cm | 5'9""
Avg & Normal(73kg)
Mostly Explosive",25,73kg,Right,Türkiye,Trendyol Süper Lig,Fenerbahçe
Daichi Kamada,81,CAM++,CM,650,4,3,79,73,80,83,54,63,7,2092,"184cm | 6'0""
Avg & Lean(72kg)
Controlled",28,72kg,Right,Japan,Premier League,Crystal Palace
Presnel Kimpembe,81,CB++,,650,3,2,74,43,67,69,81,82,70,1932,"189cm | 6'2'
Tall & Normal(80kg)
Mostly Lengthy",29,80kg,Left,France,Ligue 1 Uber Eats,Paris SG
Orkun Kökçü,81,CM++,"CDM, CAM",650,5,3,72,76,83,80,68,79,17,2210,"175cm | 5'9""
Avg & Normal(69kg)
Controlled Explosive",24,69kg,Right,Türkiye,Liga Portugal,SL Benfica
Ezri Konsa,81,CB++,RB,650,3,2,76,48,71,76,83,78,35,1991,"183cm | 6'0""
Avg & Lean(77kg)
Controlled Lengthy",27,77kg,Right,England,Premier League,Aston Villa
Odilon Kossounou,81,CB++,RB,0,3,2,80,32,64,67,82,80,11,1818,"191cm | 6'3""
Tall & Lean(82kg)
Lengthy",24,82kg,Right,Côte d'Ivoire,Bundesliga,Leverkusen
Andrej Kramarić,81,ST++,"CM, CAM",650,4,4,71,83,79,84,33,73,10,2099,"177cm | 5'10""
Avg & Normal(73kg)
Controlled Explosive",33,73kg,Right,Croatia,Bundesliga,TSG Hoffenheim
Takefusa Kubo,81,RW++,"RM, ST",350,4,4,84,76,76,83,40,60,32,1997,"173cm | 5'8""
Avg & Lean(64kg)
Explosive",23,64kg,Left,Japan,LALIGA EA SPORTS,Real Sociedad
Ruben Loftus-Cheek,81,CM++,CAM,650,4,4,81,76,79,82,77,83,193,2235,"191cm | 6'3""
Tall & Normal(88kg)
Mostly Lengthy",29,88kg,Right,England,Serie A TIM,Milano FC
Andriy Lunin,81,GK++,,650,3,1,80,78,77,82,37,80,69,821,"191cm | 6'3""
Tall & Normal(83kg)
Controlled",26,83kg,Right,Ukraine,LALIGA EA SPORTS,Real Madrid
Iñigo Martínez Berridi,81,CB++,,650,3,2,71,56,67,61,81,80,29,1995,"182cm | 6'0""
Avg & Normal(76kg)
Controlled Lengthy",33,76kg,Left,Spain,LALIGA EA SPORTS,FC Barcelona
Noussair Mazraoui,81,RB++,LB,650,3,3,78,66,77,83,77,71,34,2116,"183cm | 6'0""
Avg & Lean(65kg)
Mostly Explosive",27,65kg,Right,Morocco,Premier League,Manchester Utd
Brais Méndez Portela,81,CM++,"RM, CAM",650,3,4,71,80,82,81,65,73,3,2167,"187cm | 6'2""
Tall & Lean(76kg)
Controlled",28,76kg,Left,Spain,LALIGA EA SPORTS,Real Sociedad
Alex Meret,81,GK++,,350,3,1,80,78,72,84,44,83,9,918,"192cm | 6'4""
Tall & Lean(82kg)
Controlled Lengthy",28,82kg,Left,Italy,Serie A TIM,SSC Napoli
Arkadiusz Milik,81,ST++,,350,3,3,56,82,72,77,40,72,22,2000,"186cm | 6'1""
Tall & Lean(80kg)
Controlled Lengthy",31,80kg,Left,Poland,Serie A TIM,Juventus
Kaoru Mitoma,81,LM++,LW,650,4,4,84,73,75,85,57,65,33,2063,"178cm | 5'10""
Avg & Lean(71kg)
Mostly Explosive",27,71kg,Right,Japan,Premier League,Brighton
Fernando Muslera,81,GK++,,650,2,1,81,81,71,80,35,82,13,967,"190cm | 6'3""
Tall & Normal(74kg)
Controlled",38,74kg,Right,Uruguay,Trendyol Süper Lig,Galatasaray
Riccardo Orsolini,81,RM++,RW,650,4,4,79,80,78,83,49,67,9,2091,"183cm | 6'0""
Avg & Normal(83kg)
Controlled Explosive",28,83kg,Left,Italy,Serie A TIM,Bologna
Stefan Ortega,81,GK++,,650,4,1,79,77,86,84,52,81,24,1087,"185cm | 6'1""
Tall & Normal(88kg)
Controlled Lengthy",32,88kg,Right,Germany,Premier League,Manchester City
Nicolás Otamendi,81,CB++,,650,3,2,60,57,64,59,83,83,3,1934,"183cm | 6'0""
Avg & Normal(78kg)
Controlled Lengthy",37,78kg,Right,Argentina,Liga Portugal,SL Benfica
Isaac Palazón Camacho,81,RM++,"LM, CAM, RW",350,3,3,84,78,79,81,39,64,10,2024,"169cm | 5'7""
Short & Normal(71kg)
Explosive",30,71kg,Left,Spain,LALIGA EA SPORTS,Rayo Vallecano
Aaron Ramsdale,81,GK++,,0,3,1,81,79,85,83,48,78,-1,1046,"191cm | 6'3""
Tall & Lean(77kg)
Controlled",26,77kg,Right,England,Premier League,Arsenal
Marcus Rashford,81,LM++,"ST, LW",3.4K,3,5,89,83,76,82,33,64,"1,005",2043,"186cm | 6'1""
Controlled",27,70kg,Right,England,Premier League,Manchester Utd
David Raum,81,LB++,LM,650,2,3,85,61,81,78,73,78,29,2146,"180cm | 5'11""
Avg & Normal(75kg)
Controlled",27,75kg,Left,Germany,Bundesliga,RB Leipzig
Stefan Savić,81,CB++,,350,3,2,63,35,57,57,83,79,6,1743,"187cm | 6'2""
Tall & Lean(80kg)
Mostly Lengthy",34,80kg,Right,Montenegro,Trendyol Süper Lig,Trabzonspor
Xaver Schlager,81,CDM++,CM,350,3,3,72,70,74,78,75,79,2,2115,"174cm | 5'9""
Avg & Stocky(76kg)
Controlled",27,76kg,Left,Austria,Bundesliga,RB Leipzig
Jerdy Schouten,81,CDM++,"CB, CM",650,3,4,65,59,72,76,80,72,11,2009,"185cm | 6'1""
Tall & Lean(74kg)
Controlled Lengthy",28,74kg,Right,Netherlands,Eredivisie,PSV
Ellyes Skhiri,81,CDM++,CM,650,3,3,60,73,74,75,80,76,7,2118,"185cm | 6'1""
Tall & Lean(74kg)
Controlled",29,74kg,Right,Tunisia,Bundesliga,Frankfurt
Milan Škriniar,81,CB++,,1.8K,2,2,57,45,60,65,83,80,2,1823,"188cm | 6'2""
Controlled Lengthy",30,80kg,Right,Slovakia,Ligue 1 Uber Eats,Paris SG
David Soria Solís,81,GK++,,350,3,1,81,79,73,82,43,80,2,965,"192cm | 6'4""
Tall & Lean(85kg)
Controlled Lengthy",32,85kg,Right,Spain,LALIGA EA SPORTS,Getafe CF
Raheem Sterling,81,LM++,"RM, LW",0,3,4,85,78,75,85,42,65,-8,2065,"172cm | 5'8""
Explosive",30,69kg,Right,England,Premier League,Chelsea
Dominik Szoboszlai,81,CAM++,CM,650,4,4,82,80,84,80,59,70,73,2202,"186cm | 6'1""
Tall & Normal(74kg)
Controlled",24,74kg,Right,Hungary,Premier League,Liverpool
Youri Tielemans,81,CM++,"CDM, CAM",350,5,4,44,79,83,79,69,70,2,2139,"176cm | 5'9""
Avg & Normal(72kg)
Controlled",27,72kg,Right,Belgium,Premier League,Aston Villa
Manuel Ugarte,81,CDM++,CM,0,3,3,69,65,73,77,78,80,20,2085,"182cm | 6'0""
Avg & Normal(77kg)
Controlled Lengthy",24,77kg,Right,Uruguay,Ligue 1 Uber Eats,Paris SG
Deniz Undav,81,ST++,CAM,650,5,3,67,82,75,80,33,78,50,2040,"179cm | 5'10""
Avg & Stocky(86kg)
Controlled",28,86kg,Right,Germany,Bundesliga,VfB Stuttgart
Álvaro Valles Rosa,81,GK++,,1.1K,4,1,80,79,79,83,41,81,4,864,"192cm | 6'4""
Tall & Lean(82kg)
Controlled Lengthy",27,82kg,Right,Spain,LALIGA EA SPORTS,UD Las Palmas
Lucas Vázquez Iglesias,81,RB++,,650,4,4,81,74,80,81,74,69,25,2189,"173cm | 5'8""
Avg & Normal(70kg)
Explosive",33,70kg,Right,Spain,LALIGA EA SPORTS,Real Madrid
Joey Veerman,81,CM++,"CDM, CAM",650,4,3,55,72,85,77,66,72,3,2085,"185cm | 6'1""
Tall & Normal(75kg)
Controlled",26,75kg,Right,Netherlands,Eredivisie,PSV
Daniel Vivian Moreno,81,CB++,,650,2,2,79,48,57,69,82,81,31,1887,"183cm | 6'0""
Avg & Normal(83kg)
Mostly Lengthy",25,83kg,Right,Spain,LALIGA EA SPORTS,Athletic Club
Callum Wilson,81,ST++,,350,3,3,78,82,67,79,42,75,9,2032,"180cm | 5'11""
Avg & Normal(66kg)
Controlled",33,66kg,Right,England,Premier League,Newcastle Utd
Lamine Yamal,81,RW++,"RM, LW",650,3,4,82,75,76,82,23,48,"1,935",1829,"180cm | 5'11""
Avg & Lean(65kg)
Mostly Explosive",17,65kg,Left,Spain,LALIGA EA SPORTS,FC Barcelona
Wilfried Zaha,81,LM++,LW,0,3,5,86,78,73,85,37,75,15,2024,"180cm | 5'11""
Mostly Explosive",32,66kg,Right,Côte d'Ivoire,Trendyol Süper Lig,Galatasaray
Piotr Zieliński,81,CM++,CDM,650,5,3,78,76,80,83,71,62,18,2153,"180cm | 5'11""
Avg & Normal(75kg)
Controlled Explosive",30,75kg,Right,Poland,Serie A TIM,Lombardia FC
Martín Zubimendi Ibáñez,81,CDM++,CM,350,4,3,64,67,75,77,78,71,-1,2071,"181cm | 5'11""
Avg & Normal(74kg)
Controlled",26,74kg,Right,Spain,LALIGA EA SPORTS,Real Sociedad
Luciano Acosta,81,CAM++,LM,650,3,5,79,73,76,85,46,56,9,2004,"161cm | 5'3""
Short & Normal(59kg)
Explosive",30,59kg,Right,Argentina,MLS,FC Cincinnati
Edson Álvarez,81,CDM++,CM,650,3,2,66,58,69,72,83,87,23,2038,"187cm | 6'2""
Tall & Normal(73kg)
Mostly Lengthy",27,73kg,Right,Mexico,Premier League,West Ham
Yeray Álvarez López,81,CB++,,350,3,2,64,49,70,65,83,76,5,1964,"182cm | 6'0""
Avg & Normal(79kg)
Controlled Lengthy",30,79kg,Right,Spain,LALIGA EA SPORTS,Athletic Club
Waldemar Anton,81,CB++,RB,650,3,3,69,46,65,67,81,83,-26,1903,"189cm | 6'2""
Tall & Normal(86kg)
Lengthy",28,86kg,Right,Germany,Bundesliga,Borussia Dortmund
Alphonse Areola,81,GK++,,650,3,1,82,77,74,83,55,80,42,1066,"195cm | 6'5""
Mostly Lengthy",32,94kg,Right,France,Premier League,West Ham
Marco Asensio Willemsen,81,RW++,"RM, CM",2.7K,3,4,76,79,81,83,43,63,11,2063,"182cm | 6'0""
Avg & Normal(76kg)
Controlled Explosive",29,76kg,Left,Spain,Ligue 1 Uber Eats,Paris SG
Alejandro Balde Martínez,81,LB++,"RB, LM",650,4,3,91,48,73,78,75,64,369,1935,"175cm | 5'9""
Avg & Lean(69kg)
Mostly Explosive",21,69kg,Left,Spain,LALIGA EA SPORTS,FC Barcelona
Alejandro Berenguer Remiro,81,LM++,"RM, LW",650,4,3,85,75,75,83,64,68,-6,2171,"175cm | 5'9""
Avg & Normal(73kg)
Explosive",29,73kg,Right,Spain,LALIGA EA SPORTS,Athletic Club
Sergio Busquets Burgos,81,CDM++,"CB, CM",650,3,3,37,61,77,78,78,73,24,1992,"189cm | 6'2""
Tall & Lean(76kg)
Controlled",36,76kg,Right,Spain,MLS,Inter Miami CF
Ricardo Jorge da Luz Horta,81,CAM++,"RM, LM",650,3,3,80,80,80,81,43,70,10,2113,"173cm | 5'8""
Avg & Lean(63kg)
Explosive",30,63kg,Right,Portugal,Liga Portugal,SC Braga
Rui Tiago Dantas da Silva,81,GK++,,2.5K,3,1,82,76,77,84,31,81,6,880,"191cm | 6'3""
Tall & Normal(91kg)
Controlled",31,91kg,Right,Portugal,LALIGA EA SPORTS,Real Betis
Matteo Darmian,81,RB++,"CB, RM",650,5,3,72,62,75,76,80,75,9,2122,"183cm | 6'0""
Avg & Normal(70kg)
Controlled",35,70kg,Right,Italy,Serie A TIM,Lombardia FC
Jonathan David,81,ST++,,650,5,3,82,81,71,78,34,75,34,2012,"175cm | 5'9""
Avg & Normal(70kg)
Controlled",25,70kg,Right,Canada,Ligue 1 Uber Eats,LOSC Lille
Luuk de Jong,81,ST++,,650,5,3,44,80,73,73,57,80,12,2034,"189cm | 6'2""
Tall & Normal(86kg)
Controlled Lengthy",34,86kg,Right,Netherlands,Eredivisie,PSV
Frederico de Paula Santos,81,CDM++,CM,650,3,4,75,71,79,82,75,78,56,2229,"169cm | 5'7""
Short & Lean(62kg)
Explosive",32,62kg,Left,Brazil,Trendyol Süper Lig,Fenerbahçe
Eberechi Eze,81,CAM++,"CM, LM",650,3,4,78,81,78,84,49,69,62,2115,"178cm | 5'10""
Avg & Lean(67kg)
Controlled Explosive",26,67kg,Right,England,Premier League,Crystal Palace
Youssouf Fofana,81,CDM++,CM,650,3,3,69,68,74,77,78,80,14,2111,"185cm | 6'1""
Tall & Normal(74kg)
Controlled Lengthy",26,74kg,Right,France,Serie A TIM,Milano FC
Davide Frattesi,81,CM++,CAM,650,4,3,80,74,78,81,71,71,10,2178,"178cm | 5'10""
Avg & Normal(74kg)
Mostly Explosive",25,74kg,Right,Italy,Serie A TIM,Lombardia FC
Remo Freuler,81,CDM++,CM,350,3,4,60,72,76,77,77,74,1,2093,"181cm | 5'11""
Avg & Normal(80kg)
Controlled",33,80kg,Right,Switzerland,Serie A TIM,Bologna
Conor Gallagher,81,CM++,"CDM, CAM",650,3,3,73,75,78,78,77,81,48,2198,"182cm | 6'0""
Avg & Normal(74kg)
Controlled",25,74kg,Right,England,LALIGA EA SPORTS,Atlético de Madrid
Alexandr Golovin,81,LM++,"CAM, LW",650,4,4,77,77,80,83,61,68,49,2152,"178cm | 5'10""
Avg & Lean(69kg)
Controlled Explosive",28,69kg,Right,Russia,Ligue 1 Uber Eats,AS Monaco
Pascal Groß,81,CDM++,CM,350,4,3,50,77,85,80,73,74,7,2174,"181cm | 5'11""
Avg & Lean(78kg)
Controlled",33,78kg,Right,Germany,Bundesliga,Borussia Dortmund
Marc Guéhi,81,CB++,,350,5,2,72,39,65,72,82,77,19,1873,"182cm | 6'0""
Avg & Normal(82kg)
Controlled Lengthy",24,82kg,Right,England,Premier League,Crystal Palace
Wilfried Zaha,81,LM++,LW,650,3,5,86,78,73,85,37,75,29,2024,"180cm | 5'11""
Mostly Explosive",32,66kg,Right,Côte d'Ivoire,Ligue 1 Uber Eats,OL
Raheem Sterling,81,LM++,"RM, LW",650,3,4,85,78,75,85,42,65,35,2065,"172cm | 5'8""
Explosive",30,69kg,Right,England,Premier League,Arsenal
Aaron Ramsdale,81,GK++,,650,3,1,81,79,85,83,48,78,11,1046,"191cm | 6'3""
Tall & Lean(77kg)
Controlled",26,77kg,Right,England,Premier League,Southampton
Ferdi Kadıoğlu,81,LB++,RB,650,4,4,88,65,75,85,75,76,178,2175,"174cm | 5'9""
Avg & Normal(73kg)
Mostly Explosive",25,73kg,Right,Türkiye,Premier League,Brighton
Odilon Kossounou,81,CB++,RB,650,3,2,80,32,64,67,82,80,39,1818,"191cm | 6'3""
Tall & Lean(82kg)
Lengthy",24,82kg,Right,Côte d'Ivoire,Serie A TIM,Bergamo Calcio
Manuel Ugarte,81,CDM++,CM,650,3,3,69,65,73,77,78,80,20,2085,"182cm | 6'0""
Avg & Normal(77kg)
Controlled Lengthy",24,77kg,Right,Uruguay,Premier League,Manchester Utd
Rodríguez,81,CAM++,"RM, CM",0,3,4,53,83,86,84,48,61,549,2107,"180cm | 5'10'
Avg & Normal(75kg)
Controlled",33,75kg,Left,Colombia,LALIGA EA SPORTS,Rayo Vallecano
Reus,81,CAM++,ST,700,4,4,58,83,83,83,53,63,477,2110,"180cm | 5'11""
Controlled",35,71kg,Right,Germany,MLS,LA Galaxy
Coates,81,CB++,,950,3,2,65,49,55,62,82,88,18,1813,"196cm | 6'5""
Tall & Normal(94kg)
Lengthy",34,94kg,Right,Uruguay,Libertadores,Nacional
Marco Asensio Willemsen,81,RW++,"RM, CM",350,3,4,76,79,81,83,43,63,32,2063,"182cm | 6'0""
Avg & Normal(76kg)
Controlled Explosive",29,76kg,Left,Spain,Premier League,Aston Villa
Milan Škriniar,81,CB++,,350,2,2,57,45,60,65,83,80,17,1823,"188cm | 6'2""
Controlled Lengthy",30,80kg,Right,Slovakia,Trendyol Süper Lig,Fenerbahçe
Marcus Rashford,81,LM++,"ST, LW",700,3,5,89,83,76,82,33,64,130,2043,"186cm | 6'1""
Controlled",27,70kg,Right,England,Premier League,Aston Villa
Wilfried Zaha,81,LM++,LW,650,3,5,86,78,73,85,37,75,19,2024,"180cm | 5'11""
Mostly Explosive",32,66kg,Right,Côte d'Ivoire,MLS,Charlotte FC
Rui Tiago Dantas da Silva,81,GK++,,350,3,1,82,76,77,84,31,81,5,880,"191cm | 6'3""
Tall & Normal(91kg)
Controlled",31,91kg,Right,Portugal,Liga Portugal,Sporting CP
Luciano Acosta,81,CAM++,LM,650,3,5,79,73,76,85,46,56,-11,2004,"161cm | 5'3""
Short & Normal(59kg)
Explosive",30,59kg,Right,Argentina,MLS,FC Dallas
Kasper Schmeichel,80,GK++,,350,3,1,77,76,79,78,42,80,13,998,"189cm | 6'2""
Tall & Stocky(88kg)
Controlled",38,88kg,Right,Denmark,cinch Prem,Celtic
Alessandro Buongiorno,80,CB++,,350,3,2,65,45,69,65,82,76,8,1908,"190cm | 6'3""
Tall & Lean(86kg)
Mostly Lengthy",25,86kg,Left,Italy,Serie A TIM,SSC Napoli
André-Franck Zambo Anguissa,80,CDM++,CM,650,3,3,75,67,71,76,77,88,34,2139,"184cm | 6'0""
Avg & Normal(83kg)
Mostly Lengthy",29,83kg,Right,Cameroon,Serie A TIM,SSC Napoli
Matteo Politano,80,RW++,RM,350,4,4,80,78,78,83,42,54,2,2014,"171cm | 5'7""
Avg & Normal(65kg)
Explosive",31,65kg,Left,Italy,Serie A TIM,SSC Napoli
Amir Rrahmani,80,CB++,,350,4,2,69,51,58,61,82,78,-8,1832,"192cm | 6'4""
Tall & Normal(75kg)
Controlled Lengthy",31,75kg,Right,Kosovo,Serie A TIM,SSC Napoli
Michele Di Gregorio,80,GK++,,650,3,1,82,78,78,82,56,82,22,1000,"187cm | 6'2""
Tall & Normal(82kg)
Controlled Lengthy",27,82kg,Right,Italy,Serie A TIM,Juventus
João Félix Sequeira,80,LW++,"LM, ST",850,4,5,80,78,77,84,40,67,143,2086,"181cm | 5'11""
Mostly Explosive",25,70kg,Right,Portugal,Premier League,Chelsea
Malo Gusto,80,RB++,,650,3,3,88,49,75,78,73,75,257,2053,"178cm | 5'10""
Avg & Lean(67kg)
Controlled Explosive",21,67kg,Right,France,Premier League,Chelsea
Denis Bouanga,80,LW++,"LM, ST",650,4,4,85,81,74,79,38,79,8,2071,"180cm | 5'11""
Avg & Normal(71kg)
Controlled Explosive",30,71kg,Right,Gabon,MLS,LAFC
Jordi Alba Ramos,80,LB++,,350,3,3,82,70,80,81,72,69,44,2189,"170cm | 5'7""
Explosive",36,68kg,Left,Spain,MLS,Inter Miami CF
Jérémy Doku,80,LW++,"LM, RW",700,3,4,92,72,73,86,30,68,419,1933,"173cm | 5'8""
Avg & Normal(77kg)
Explosive",22,77kg,Right,Belgium,Premier League,Manchester City
Bradley Barcola,80,LW++,"LM, RW",650,3,4,88,74,75,81,34,64,238,1970,"186cm | 6'1""
Tall & Lean(70kg)
Controlled",22,70kg,Right,France,Ligue 1 Uber Eats,Paris SG
Warren Zaïre-Emery,80,CM++,CDM,650,4,3,79,68,77,80,75,78,72,2143,"178cm | 5'10""
Avg & Normal(68kg)
Controlled",19,68kg,Right,France,Ligue 1 Uber Eats,Paris SG
Iñigo Ruiz de Galarreta,80,CDM++,CM,350,3,3,72,65,77,79,77,76,4,2140,"175cm | 5'9""
Avg & Lean(69kg)
Controlled Explosive",31,69kg,Right,Spain,LALIGA EA SPORTS,Athletic Club
Allan Saint-Maximin,80,LM++,LW,700,4,5,89,72,73,87,29,68,175,1960,"173cm | 5'8""
Avg & Normal(67kg)
Explosive",28,67kg,Right,France,Trendyol Süper Lig,Fenerbahçe
Davinson Sánchez,80,CB++,,650,2,2,77,47,55,65,79,82,36,1813,"187cm | 6'2""
Mostly Lengthy",28,81kg,Right,Colombia,Trendyol Süper Lig,Galatasaray
Diego Carlos Santos Silva,80,CB++,,1.3K,4,3,63,47,63,67,79,76,11,1878,"186cm | 6'1""
Tall & Stocky(79kg)
Mostly Lengthy",32,79kg,Right,Brazil,Premier League,Aston Villa
Téji Savanier,80,CAM++,CM,650,5,4,60,76,84,82,68,68,6,2194,"172cm | 5'8""
Avg & Stocky(69kg)
Controlled",33,69kg,Right,France,Ligue 1 Uber Eats,Montpellier
William Silva de Carvalho,80,CDM++,CAM,350,4,3,37,68,78,76,76,84,6,2015,"187cm | 6'2""
Tall & Normal(79kg)
Controlled",33,79kg,Right,Portugal,LALIGA EA SPORTS,Real Betis
Mohamed Simakan,80,CB++,RB,0,3,2,75,43,65,69,81,80,8,1914,"187cm | 6'2""
Tall & Lean(82kg)
Mostly Lengthy",24,82kg,Right,France,Bundesliga,RB Leipzig
Sebastian Szymański,80,CAM++,RM,650,3,3,81,77,79,79,51,67,31,2076,"174cm | 5'9""
Avg & Lean(60kg)
Explosive",25,60kg,Left,Poland,Trendyol Süper Lig,Fenerbahçe
Mehdi Taremi,80,ST++,,500,4,4,78,79,75,81,38,73,27,2011,"185cm | 6'1""
Tall & Normal(83kg)
Controlled Lengthy",32,83kg,Right,Iran,Serie A TIM,Lombardia FC
James Tarkowski,80,CB++,,350,4,2,47,45,64,59,81,81,8,1839,"188cm | 6'2""
Tall & Stocky(81kg)
Controlled Lengthy",32,81kg,Right,England,Premier League,Everton
Jean-Clair Todibo,80,CB++,,650,2,3,81,47,64,69,80,78,90,1914,"190cm | 6'3""
Tall & Normal(88kg)
Lengthy",25,88kg,Right,France,Premier League,West Ham
Ivan Toney,80,ST++,,0,3,3,77,81,71,75,51,81,3,2104,"187cm | 6'2""
Tall & Normal(76kg)
Controlled Lengthy",29,76kg,Right,England,Premier League,Brentford
Ferran Torres García,80,LW++,"LM, RW, ST",650,4,4,84,78,76,81,35,68,27,2040,"184cm | 6'0""
Avg & Lean(77kg)
Controlled",25,77kg,Right,Spain,LALIGA EA SPORTS,FC Barcelona
Hamari Traoré,80,RB++,,650,3,3,82,57,72,76,75,78,7,2056,"175cm | 5'9""
Avg & Normal(64kg)
Controlled",33,64kg,Right,Mali,LALIGA EA SPORTS,Real Sociedad
Lars Unnerstall,80,GK++,,650,1,1,80,80,66,83,32,80,11,809,"198cm | 6'6""
Tall & Stocky(103kg)
Controlled",34,103kg,Right,Germany,Eredivisie,FC Twente
André Miguel Valente da Silva,80,ST++,,1.3K,3,4,74,80,71,81,46,77,5,2097,"185cm | 6'1""
Tall & Lean(84kg)
Controlled",29,84kg,Right,Portugal,Bundesliga,RB Leipzig
Hans Vanaken,80,CAM++,CM,650,5,4,45,79,83,77,60,76,4,2082,"195cm | 6'5""
Tall & Lean(77kg)
Controlled",32,77kg,Right,Belgium,1A Pro League,Club Brugge
Jordan Veretout,80,CM++,CDM,0,3,3,75,75,78,79,75,80,0,2224,"177cm | 5'10""
Avg & Normal(67kg)
Controlled",32,67kg,Right,France,Ligue 1 Uber Eats,OM
Timo Werner,80,LM++,"ST, LW",650,4,3,91,79,69,80,35,69,272,2013,"180cm | 5'11""
Mostly Explosive",29,76kg,Right,Germany,Premier League,Spurs
Mats Wieffer,80,CDM++,CM,650,3,3,70,66,74,75,76,83,13,2111,"188cm | 6'2""
Tall & Lean(78kg)
Mostly Lengthy",25,78kg,Right,Netherlands,Premier League,Brighton
Axel Witsel,80,CB++,,350,4,3,34,63,77,75,83,75,0,2067,"186cm | 6'1""
Controlled",36,81kg,Right,Belgium,LALIGA EA SPORTS,Atlético de Madrid
Barış Alper Yılmaz,80,RM++,"LB, LM, RW",650,3,4,91,75,71,82,67,84,113,2168,"186cm | 6'1""
Tall & Normal(80kg)
Controlled",24,80kg,Right,Türkiye,Trendyol Süper Lig,Galatasaray
Lucas Zelarayán,80,CAM++,ST,650,3,4,71,77,79,83,46,67,5,2060,"172cm | 5'8""
Avg & Normal(70kg)
Controlled Explosive",32,70kg,Right,Armenia,ROSHN Saudi League,Al Fateh
Hakim Ziyech,80,RM++,"CAM, RW",650,2,5,74,77,82,80,50,66,-2,2086,"181cm | 5'11""
Controlled Explosive",32,65kg,Left,Morocco,Trendyol Süper Lig,Galatasaray
Igor Zubeldia Elorza,80,CB++,,650,3,2,78,63,74,73,80,82,12,2116,"181cm | 5'11""
Avg & Normal(73kg)
Controlled Lengthy",28,73kg,Right,Spain,LALIGA EA SPORTS,Real Sociedad
Salem Al Dawsari,80,LM++,LW,650,5,4,85,75,72,84,52,80,37,2105,"173cm | 5'8""
Avg & Normal(71kg)
Controlled Explosive",33,71kg,Right,Saudi Arabia,ROSHN Saudi League,Al Hilal
Ali Al Musrati,80,CDM++,CM,650,2,2,62,66,71,71,78,84,7,2020,"189cm | 6'2""
Tall & Normal(83kg)
Lengthy",29,83kg,Right,Libya,Trendyol Süper Lig,Beşiktaş
Toby Alderweireld,80,CB++,,350,4,2,50,61,74,66,81,82,6,2031,"187cm | 6'2""
Tall & Normal(91kg)
Controlled Lengthy",36,91kg,Right,Belgium,1A Pro League,Royal Antwerp FC
Joachim Andersen,80,CB++,,350,4,2,52,57,72,66,79,84,-1,1960,"192cm | 6'4""
Tall & Normal(90kg)
Controlled Lengthy",28,90kg,Right,Denmark,Premier League,Fulham
Benjamin André,80,CDM++,CM,650,3,3,61,64,73,75,78,83,0,2103,"180cm | 5'11""
Avg & Normal(76kg)
Controlled",34,76kg,Right,France,Ligue 1 Uber Eats,LOSC Lille
Marko Arnautović,80,ST++,,650,4,4,70,79,78,79,44,78,6,2092,"192cm | 6'4""
Tall & Normal(83kg)
Mostly Lengthy",36,83kg,Right,Austria,Serie A TIM,Lombardia FC
Maximilian Arnold,80,CDM++,CM,350,2,3,63,79,79,77,76,76,3,2187,"184cm | 6'0""
Avg & Normal(74kg)
Controlled Lengthy",30,74kg,Left,Germany,Bundesliga,VfL Wolfsburg
Fredrik Aursnes,80,RB++,"LB, LM",650,3,3,76,66,77,80,76,81,12,2185,"179cm | 5'10""
Avg & Lean(71kg)
Controlled Explosive",29,71kg,Right,Norway,Liga Portugal,SL Benfica
Simon Banza,80,ST++,,0,3,3,75,80,56,76,36,77,-3,1892,"189cm | 6'2""
Tall & Lean(77kg)
Controlled Lengthy",28,77kg,Right,Congo DR,Liga Portugal,SC Braga
Roberto Firmino Barbosa de Oliveira,80,CAM++,ST,650,4,5,67,75,79,85,58,76,45,2157,"181cm | 5'11""
Controlled",33,76kg,Right,Brazil,ROSHN Saudi League,Al Ahli
Harvey Barnes,80,LW++,LM,350,4,3,85,78,75,81,43,68,12,2020,"185cm | 6'1""
Tall & Normal(72kg)
Controlled",27,72kg,Right,England,Premier League,Newcastle Utd
Christoph Baumgartner,80,CAM++,ST,350,3,4,77,74,74,82,47,60,4,2004,"180cm | 5'11""
Avg & Lean(73kg)
Mostly Explosive",25,73kg,Right,Austria,Bundesliga,RB Leipzig
Walter Benítez,80,GK++,,650,2,1,79,78,72,82,37,79,4,934,"191cm | 6'3""
Tall & Normal(93kg)
Controlled",32,93kg,Right,Argentina,Eredivisie,PSV
Gonçalo Bernardo Inácio,80,CB++,"LB, CDM",650,2,2,80,37,64,71,81,79,34,1909,"185cm | 6'1""
Tall & Normal(78kg)
Controlled Lengthy",23,78kg,Left,Portugal,Liga Portugal,Sporting CP
Yves Bissouma,80,CDM++,CM,350,3,4,71,67,75,81,78,77,9,2146,"182cm | 6'0""
Avg & Lean(78kg)
Controlled",28,78kg,Right,Mali,Premier League,Spurs
Daley Blind,80,CB++,"LB, CDM",650,3,3,36,62,83,77,83,70,2,2092,"180cm | 5'11""
Avg & Normal(72kg)
Controlled",35,72kg,Left,Netherlands,LALIGA EA SPORTS,Girona FC
Yan Bueno Couto,80,RM++,"RB, RW",650,3,3,85,61,76,81,72,64,36,2046,"168cm | 5'6""
Short & Lean(60kg)
Explosive",22,60kg,Right,Brazil,Bundesliga,Borussia Dortmund
Davide Calabria,80,RB++,,1K,3,3,78,57,70,76,79,71,-1,2056,"177cm | 5'10""
Avg & Lean(70kg)
Mostly Explosive",28,70kg,Right,Italy,Serie A TIM,Milano FC
Lucas Chevalier,80,GK++,,650,3,1,80,79,72,83,45,78,5,787,"189cm | 6'2""
Tall & Lean(78kg)
Controlled",23,78kg,Right,France,Ligue 1 Uber Eats,LOSC Lille
Samuel Chukwueze,80,RW++,RM,350,2,4,88,74,74,83,36,61,12,1942,"172cm | 5'8""
Avg & Normal(70kg)
Explosive",25,70kg,Left,Nigeria,Serie A TIM,Milano FC
Jonathan Clauss,80,RB++,RM,650,3,3,88,69,76,78,73,69,25,2146,"178cm | 5'10""
Avg & Lean(69kg)
Mostly Explosive",32,69kg,Right,France,Ligue 1 Uber Eats,OGC Nice
Kevin Danso,80,CB++,,650,3,2,75,32,57,62,80,85,16,1786,"190cm | 6'3""
Tall & Normal(85kg)
Lengthy",26,85kg,Right,Austria,Ligue 1 Uber Eats,RC Lens
F. Evanilson de Lima Barbosa,80,ST++,,650,4,3,76,78,65,78,37,80,9,1969,"181cm | 5'11""
Avg & Normal(77kg)
Controlled Lengthy",25,77kg,Right,Brazil,Premier League,AFC Bournemouth
Oscar De Marcos Arana,80,RB++,,350,2,4,79,64,74,75,77,78,5,2104,"182cm | 6'0""
Avg & Lean(78kg)
Controlled",36,78kg,Right,Spain,LALIGA EA SPORTS,Athletic Club
Eric Dier,80,CB++,,900,2,2,58,63,70,63,81,81,17,1998,"191cm | 6'3""
Tall & Stocky(91kg)
Controlled",31,91kg,Right,England,Bundesliga,FC Bayern München
Éderson José dos Santos,80,CM++,CAM,350,3,3,72,68,75,79,77,80,11,2120,"183cm | 6'0""
Avg & Normal(86kg)
Controlled Lengthy",25,86kg,Right,Brazil,Serie A TIM,Bergamo Calcio
Wataru Endo,80,CDM++,CM,350,4,3,60,68,71,78,79,76,19,2067,"178cm | 5'10""
Avg & Normal(77kg)
Controlled Explosive",32,77kg,Right,Japan,Premier League,Liverpool
Pervis Estupiñán,80,LB++,,350,3,3,78,57,75,79,77,75,11,2076,"175cm | 5'9""
Avg & Normal(79kg)
Controlled",27,79kg,Left,Ecuador,Premier League,Brighton
Wladimiro Falcone,80,GK++,,650,2,1,83,79,75,84,27,76,6,757,"196cm | 6'5""
Tall & Normal(85kg)
Controlled",30,85kg,Right,Italy,Serie A TIM,Lecce
Jesús Joaquín Fernández Sáez,80,RM++,"CM, CAM, RW",350,3,4,72,76,80,83,32,51,0,1931,"177cm | 5'10""
Avg & Normal(70kg)
Controlled Explosive",31,70kg,Left,Spain,LALIGA EA SPORTS,Sevilla FC
Seko Fofana,80,CM++,CDM,650,4,3,71,77,76,78,73,86,13,2160,"185cm | 6'1""
Tall & Normal(74kg)
Mostly Lengthy",29,74kg,Right,Côte d'Ivoire,ROSHN Saudi League,Ettifaq FC
Juan Foyth,80,RB++,,650,3,3,71,46,71,72,81,77,1,1964,"187cm | 6'2""
Tall & Lean(83kg)
Controlled Lengthy",27,83kg,Right,Argentina,LALIGA EA SPORTS,Villarreal CF
Javier Galán Gil,80,LB++,,350,2,4,79,56,74,79,77,72,1,2085,"172cm | 5'8""
Avg & Normal(70kg)
Controlled Explosive",30,70kg,Left,Spain,LALIGA EA SPORTS,Atlético de Madrid
Jose Luís García Vayá,80,CM++,CDM,350,3,3,68,70,80,77,75,78,7,2167,"186cm | 6'1""
Tall & Lean(73kg)
Controlled Lengthy",26,73kg,Right,Spain,LALIGA EA SPORTS,Valencia CF
Nuno Miguel Gomes dos Santos,80,LM++,"LB, LW",650,2,5,83,81,76,80,70,76,15,2225,"177cm | 5'10""
Avg & Normal(72kg)
Controlled Explosive",30,72kg,Left,Portugal,Liga Portugal,Sporting CP
Joe Gomez,80,CB++,"RB, LB",650,3,3,82,28,71,72,80,79,265,1873,"188cm | 6'2""
Mostly Lengthy",27,77kg,Right,England,Premier League,Liverpool
Nicolás González,80,RW++,"RM, LW",350,2,4,85,76,73,83,45,62,12,2028,"180cm | 5'11""
Avg & Lean(72kg)
Mostly Explosive",27,72kg,Left,Argentina,Serie A TIM,Juventus
Mario Götze,80,CAM++,"CM, ST",650,4,4,55,74,83,83,55,69,12,2095,"176cm | 5'9""
Avg & Normal(72kg)
Controlled",32,72kg,Right,Germany,Bundesliga,Frankfurt
Vincenzo Grifo,80,LM++,"CAM, LW",350,2,4,69,77,82,81,43,64,10,2057,"180cm | 5'11""
Avg & Normal(80kg)
Controlled Explosive",32,80kg,Right,Italy,Bundesliga,SC Freiburg
Nemanja Gudelj,80,CB++,CDM,650,2,3,54,73,78,70,79,85,6,2164,"187cm | 6'2""
Tall & Normal(79kg)
Controlled Lengthy",33,79kg,Right,Serbia,LALIGA EA SPORTS,Sevilla FC
Albert Guðmundsson,80,ST++,,650,4,3,87,79,70,83,37,72,41,2027,"178cm | 5'10""
Avg & Lean(78kg)
Controlled Explosive",27,78kg,Right,Iceland,Serie A TIM,Fiorentina
Mattéo Guendouzi,80,CM++,CAM,650,3,4,72,71,78,79,75,81,4,2191,"185cm | 6'1""
Tall & Lean(68kg)
Controlled",26,68kg,Right,France,Serie A TIM,Latium
Miguel Gutiérrez Ortega,80,LB++,LM,350,3,2,81,64,76,80,75,72,11,2077,"180cm | 5'11""
Avg & Lean(73kg)
Mostly Explosive",23,73kg,Left,Spain,LALIGA EA SPORTS,Girona FC
Amadou Haidara,80,CM++,CDM,350,2,3,66,72,79,81,72,69,1,2116,"175cm | 5'9""
Avg & Normal(72kg)
Controlled Explosive",27,72kg,Right,Mali,Bundesliga,RB Leipzig
Danilo Luís Hélio Pereira,80,CB++,CDM,0,3,3,50,63,70,70,80,84,4,1992,"188cm | 6'2""
Tall & Normal(83kg)
Controlled Lengthy",33,83kg,Right,Portugal,Ligue 1 Uber Eats,Paris SG
Jordan Henderson,80,CDM++,CM,650,3,3,64,72,81,76,75,78,7,2161,"187cm | 6'2""
Tall & Normal(80kg)
Controlled Lengthy",34,80kg,Right,England,Eredivisie,Ajax
Morten Hjulmand,80,CDM++,CM,650,3,3,65,66,76,74,75,83,16,2077,"185cm | 6'1""
Tall & Normal(77kg)
Mostly Lengthy",25,77kg,Right,Denmark,Liga Portugal,Sporting CP
Pierre-Emile Højbjerg,80,CDM++,CM,550,4,3,50,73,76,74,77,80,6,2091,"187cm | 6'2""
Tall & Normal(84kg)
Controlled Lengthy",29,84kg,Right,Denmark,Ligue 1 Uber Eats,OM
Roger Ibañez Da Silva,80,CB++,,650,2,2,85,32,45,60,81,82,81,1762,"185cm | 6'1""
Tall & Normal(73kg)
Controlled Lengthy",26,73kg,Right,Brazil,ROSHN Saudi League,Al Ahli
Bento Matheus Krepski,80,GK++,,650,2,1,79,76,77,83,28,81,21,692,"190cm | 6'3""
Tall & Normal(80kg)
Controlled",25,80kg,Right,Brazil,ROSHN Saudi League,Al Nassr
Thomas Lemar,80,CM++,LM,650,3,4,81,77,81,83,67,64,36,2206,"171cm | 5'7""
Avg & Lean(66kg)
Explosive",29,66kg,Left,France,LALIGA EA SPORTS,Atlético de Madrid
Dominik Livaković,80,GK++,,650,2,1,80,76,71,83,56,80,15,1020,"188cm | 6'2""
Tall & Normal(79kg)
Controlled Lengthy",30,79kg,Right,Croatia,Trendyol Süper Lig,Fenerbahçe
Giovani Lo Celso,80,CAM++,CM,0,3,4,69,74,81,83,68,71,1,2179,"177cm | 5'10""
Avg & Normal(68kg)
Controlled Explosive",29,68kg,Left,Argentina,Premier League,Spurs
David López Silva,80,CB++,CDM,350,3,2,45,60,71,66,82,75,0,1920,"183cm | 6'0""
Avg & Normal(81kg)
Controlled Lengthy",35,81kg,Right,Spain,LALIGA EA SPORTS,Girona FC
Harry Maguire,80,CB++,,350,3,2,37,57,70,65,80,82,170,1906,"193cm | 6'4""
Tall & Stocky(100kg)
Controlled",32,100kg,Right,England,Premier League,Manchester Utd
Reinildo Isnard Mandava,80,LB++,CB,650,3,3,84,55,68,75,78,79,24,2039,"180cm | 5'11""
Avg & Lean(73kg)
Controlled",31,73kg,Left,Mozambique,LALIGA EA SPORTS,Atlético de Madrid
Iván Martín Núñez,80,CAM++,CM,350,3,3,75,75,79,81,68,63,3,2106,"178cm | 5'10""
Avg & Normal(70kg)
Controlled Explosive",26,70kg,Left,Spain,LALIGA EA SPORTS,Girona FC
Nemanja Matić,80,CDM++,CM,350,3,3,35,67,76,76,78,78,10,2021,"194cm | 6'4""
Tall & Lean(85kg)
Controlled",36,85kg,Left,Serbia,Ligue 1 Uber Eats,OL
Bryan Mbeumo,80,RW++,"RM, ST",350,2,4,84,80,74,80,49,76,32,2134,"171cm | 5'7""
Avg & Normal(75kg)
Mostly Explosive",25,75kg,Left,Cameroon,Premier League,Brentford
Facundo Medina,80,CB++,,650,2,3,73,36,69,72,80,79,1,1897,"184cm | 6'0""
Avg & Normal(77kg)
Mostly Lengthy",25,77kg,Left,Argentina,Ligue 1 Uber Eats,RC Lens
Édouard Mendy,80,GK++,,650,2,1,78,77,75,81,34,79,11,882,"197cm | 6'6""
Tall & Lean(86kg)
Controlled",33,86kg,Right,Senegal,ROSHN Saudi League,Al Ahli
Dries Mertens,80,CAM++,ST,650,4,4,68,78,81,81,43,50,26,2017,"169cm | 5'7""
Controlled Explosive",37,61kg,Right,Belgium,Trendyol Süper Lig,Galatasaray
Daniel Muñoz,80,RB++,,650,3,2,84,66,72,76,75,82,18,2132,"181cm | 5'11""
Avg & Normal(73kg)
Controlled",28,73kg,Right,Colombia,Premier League,Crystal Palace
Vedat Muriqi,80,ST++,,350,3,3,53,82,63,73,29,82,9,1824,"194cm | 6'4""
Tall & Normal(92kg)
Controlled Lengthy",31,92kg,Left,Kosovo,LALIGA EA SPORTS,RCD Mallorca
João Mário N. Costa Eduardo,80,LM++,"RM, CM, LW",0,4,3,68,76,80,82,64,68,-1,2127,"179cm | 5'10""
Avg & Normal(73kg)
Controlled",32,73kg,Right,Portugal,Liga Portugal,SL Benfica
Jesús Navas González,80,RB++,RM,4.8K,2,4,81,68,79,80,76,55,33,2140,"172cm | 5'8""
Short & Lean(60kg)
Explosive",39,60kg,Right,Spain,LALIGA EA SPORTS,Sevilla FC
David Neres Campos,80,LM++,"RM, CAM, LW",650,3,5,86,75,75,86,43,64,116,2027,"175cm | 5'9""
Avg & Normal(69kg)
Explosive",28,69kg,Left,Brazil,Serie A TIM,SSC Napoli
Alexander Nübel,80,GK++,,350,5,1,81,76,81,82,48,78,11,1050,"193cm | 6'4""
Tall & Normal(86kg)
Controlled Lengthy",28,86kg,Right,Germany,Bundesliga,VfB Stuttgart
Mario Pašalić,80,CM++,CAM,350,4,4,69,78,77,81,67,77,4,2116,"188cm | 6'2""
Tall & Normal(82kg)
Controlled",30,82kg,Right,Croatia,Serie A TIM,Bergamo Calcio
Vangelis Pavlidis,80,ST++,,650,4,3,75,82,67,78,44,82,28,2034,"186cm | 6'1""
Tall & Normal(78kg)
Controlled Lengthy",26,78kg,Right,Greece,Liga Portugal,SL Benfica
Ivan Rakitić,80,CM++,CDM,350,4,3,48,79,83,77,74,70,40,2152,"184cm | 6'0""
Avg & Normal(78kg)
Controlled Lengthy",37,78kg,Right,Croatia,Liga Hrvatska,Hajduk Split
Danilo Luís Hélio Pereira,80,CB++,CDM,350,3,3,50,63,70,70,80,84,7,1992,"188cm | 6'2""
Tall & Normal(83kg)
Controlled Lengthy",33,83kg,Right,Portugal,ROSHN Saudi League,Al Ittihad
Jordan Veretout,80,CM++,CDM,650,3,3,75,75,78,79,75,80,6,2224,"177cm | 5'10""
Avg & Normal(67kg)
Controlled",32,67kg,Right,France,Ligue 1 Uber Eats,OL
Ivan Toney,80,ST++,,350,3,3,77,81,71,75,51,81,17,2104,"187cm | 6'2""
Tall & Normal(76kg)
Controlled Lengthy",29,76kg,Right,England,ROSHN Saudi League,Al Ahli
João Mário N. Costa Eduardo,80,LM++,"RM, CM, LW",350,4,3,68,76,80,82,64,68,6,2127,"179cm | 5'10""
Avg & Normal(73kg)
Controlled",32,73kg,Right,Portugal,Trendyol Süper Lig,Beşiktaş
Giovani Lo Celso,80,CAM++,CM,350,3,4,69,74,81,83,68,71,9,2179,"177cm | 5'10""
Avg & Normal(68kg)
Controlled Explosive",29,68kg,Left,Argentina,LALIGA EA SPORTS,Real Betis
Simon Banza,80,ST++,,650,3,3,75,80,56,76,36,77,12,1892,"189cm | 6'2""
Tall & Lean(77kg)
Controlled Lengthy",28,77kg,Right,Congo DR,Trendyol Süper Lig,Trabzonspor
Mohamed Simakan,80,CB++,RB,650,3,2,75,43,65,69,81,80,23,1914,"187cm | 6'2""
Tall & Lean(82kg)
Mostly Lengthy",24,82kg,Right,France,ROSHN Saudi League,Al Nassr
Miranchuk,80,CAM++,ST,350,2,3,71,73,79,82,31,60,40,1941,"182cm | 6'0""
Avg & Normal(74kg)
Controlled Explosive",29,74kg,Left,Russia,MLS,Atlanta United
Fortounis,80,CAM++,"RW, LW",400,5,3,73,76,81,80,43,65,12,2038,"183cm | 6'0'
Avg & Lean(70kg)
Controlled Explosive",32,70kg,Right,Greece,ROSHN Saudi League,Al Khaleej
Sánchez,80,ST++,,700,4,3,70,81,79,84,48,66,221,2122,"169cm | 5'7""
Controlled Explosive",36,65kg,Right,Chile,Serie A TIM,Udinese
André Miguel Valente da Silva,80,ST++,,350,3,4,74,80,71,81,46,77,12,2097,"185cm | 6'1""
Tall & Lean(84kg)
Controlled",29,84kg,Right,Portugal,Bundesliga,SV Werder Bremen
Ali Al Musrati,80,CDM++,CM,650,2,2,62,66,71,71,78,84,13,2020,"189cm | 6'2""
Tall & Normal(83kg)
Lengthy",29,83kg,Right,Libya,Ligue 1 Uber Eats,AS Monaco
Kevin Danso,80,CB++,,650,3,2,75,32,57,62,80,85,45,1786,"190cm | 6'3""
Tall & Normal(85kg)
Lengthy",26,85kg,Right,Austria,Premier League,Spurs
Diego Carlos Santos Silva,80,CB++,,350,4,3,63,47,63,67,79,76,13,1878,"186cm | 6'1""
Tall & Stocky(79kg)
Mostly Lengthy",32,79kg,Right,Brazil,Trendyol Süper Lig,Fenerbahçe
Lucas Zelarayán,80,CAM++,ST,350,3,4,71,77,79,83,46,67,3,2060,"172cm | 5'8""
Avg & Normal(70kg)
Controlled Explosive",32,70kg,Right,Armenia,Sudamericana,Belgrano
Seko Fofana,80,CM++,CDM,650,4,3,71,77,76,78,73,86,11,2160,"185cm | 6'1""
Tall & Normal(74kg)
Mostly Lengthy",29,74kg,Right,Côte d'Ivoire,Ligue 1 Uber Eats,Stade Rennais FC
João Félix Sequeira,80,LW++,"LM, ST",650,4,5,80,78,77,84,40,67,1,2086,"181cm | 5'11""
Mostly Explosive",25,70kg,Right,Portugal,Serie A TIM,Milano FC
Davide Calabria,80,RB++,,350,3,3,78,57,70,76,79,71,0,2056,"177cm | 5'10""
Avg & Lean(70kg)
Mostly Explosive",28,70kg,Right,Italy,Serie A TIM,Bologna
